{"stats":{"minecraft:dropped":{"alexsmobs:animal_dictionary":1,"tombstone:grave_key":2},"minecraft:crafted":{"minecraft:oak_planks":12,"quark:blossom_planks":28,"minecraft:crafting_table":2,"minecraft:wooden_pickaxe":2,"minecraft:stick":12,"minecraft:stone_pickaxe":1,"minecraft:stone_sword":1},"minecraft:killed":{"minecraft:salmon":1,"luminousworld:trout_fish":1,"alexsmobs:gazelle":3,"born_in_chaos_v1:firelight_not_despawn":1},"minecraft:used":{"minecraft:stone_sword":32,"minecraft:wooden_pickaxe":28,"minecraft:salmon":1,"minecraft:mutton":2,"minecraft:crafting_table":3,"ecologics:prickly_pear":1,"minecraft:apple":1,"minecraft:melon_slice":10,"luminousworld:trout":1,"minecraft:cobblestone":9,"tombstone:gift":2},"minecraft:picked_up":{"born_in_chaos_v1:fused_bone":1,"minecraft:mud":5,"minecraft:crafting_table":2,"luminousworld:savannah_ground":2,"minecraft:salmon":1,"minecraft:andesite":2,"luminousworld:trout":1,"minecraft:oak_log":13,"minecraft:gunpowder":1,"minecraft:string":1,"alexsmobs:gazelle_horn":2,"minecraft:dirt":1,"minecraft:apple":1,"minecraft:gold_nugget":2,"minecraft:wheat_seeds":2,"luminousworld:elephant_grass":2,"minecraft:iron_nugget":1,"minecraft:poppy":2,"minecraft:melon_slice":53,"ecologics:prickly_pear":1,"luminousworld:savannah_soil":3,"quark:blossom_log":7,"alexsmobs:animal_dictionary":1,"minecraft:spider_eye":1,"minecraft:rotten_flesh":1,"born_in_chaos_v1:fire_dust":1,"supplementaries:ash":1,"luminousworld:tall_deadbush":1,"minecraft:mutton":2,"minecraft:cobblestone":20},"minecraft:killed_by":{"born_in_chaos_v1:bloody_gadfly":1,"iceandfire:lightning_dragon":1,"enemyexpansion:huntsman":1},"minecraft:custom":{"minecraft:mob_kills":6,"minecraft:interact_with_crafting_table":4,"minecraft:leave_game":2,"minecraft:time_since_death":600,"minecraft:climb_one_cm":4785,"minecraft:time_since_rest":1,"minecraft:sprint_one_cm":111726,"minecraft:damage_taken":1428,"minecraft:walk_one_cm":84308,"minecraft:drop":3,"minecraft:damage_dealt":494,"minecraft:swim_one_cm":9577,"minecraft:fly_one_cm":222471,"minecraft:crouch_one_cm":3587,"minecraft:play_time":42516,"minecraft:deaths":5,"minecraft:sneak_time":1373,"minecraft:walk_under_water_one_cm":9827,"minecraft:jump":1312,"minecraft:walk_on_water_one_cm":12907,"minecraft:total_world_time":42516,"minecraft:fall_one_cm":50307},"minecraft:mined":{"luminousworld:savannah_soil":3,"ecologics:pot":1,"luminousworld:tall_deadbush":2,"minecraft:crafting_table":2,"luminousworld:savannah_grass_1":10,"minecraft:grass_block":1,"minecraft:poppy":2,"minecraft:melon":10,"minecraft:dead_bush":1,"quark:blossom_log":7,"minecraft:tall_grass":10,"luminousworld:savanna_grass_2":7,"ecologics:prickly_pear":1,"minecraft:mud":6,"minecraft:andesite":2,"minecraft:mangrove_leaves":1,"minecraft:muddy_mangrove_roots":1,"minecraft:grass":11,"minecraft:oak_log":9,"luminousworld:grassvariant_3":1,"minecraft:stone":20,"luminousworld:savannah_grass_4":9,"luminousworld:elephant_grass":3,"minecraft:oak_leaves":27,"minecraft:fern":1,"luminousworld:savannah_ground":2}},"DataVersion":3465}