{"stats":{"minecraft:dropped":{"alexsmobs:animal_dictionary":1,"tombstone:grave_key":3},"minecraft:crafted":{"minecraft:oak_planks":12,"minecraft:diamond_sword":1,"quark:blossom_planks":28,"minecraft:cooked_porkchop":1,"minecraft:crafting_table":4,"minecraft:baked_potato":5,"minecraft:wooden_pickaxe":3,"minecraft:diamond_shovel":1,"minecraft:birch_planks":48,"minecraft:air":0,"minecraft:diamond_pickaxe":1,"minecraft:stick":24,"minecraft:stone_pickaxe":2,"minecraft:stone_sword":2,"minecraft:stone_hoe":1},"minecraft:killed":{"minecraft:pig":1,"minecraft:salmon":1,"minecraft:spider":1,"luminousworld:trout_fish":1,"alexsmobs:gazelle":3,"born_in_chaos_v1:firelight_not_despawn":1},"minecraft:used":{"minecraft:stone_sword":35,"minecraft:stone_pickaxe":60,"minecraft:wooden_pickaxe":31,"minecraft:stone_hoe":17,"minecraft:salmon":1,"minecraft:dirt":76,"minecraft:mutton":2,"minecraft:crafting_table":5,"minecraft:carrot":12,"ecologics:prickly_pear":1,"minecraft:diamond_pickaxe":25,"minecraft:apple":1,"minecraft:diamond_shovel":124,"minecraft:melon_slice":10,"luminousworld:trout":1,"minecraft:cobblestone":20,"minecraft:potato":14,"tombstone:gift":2,"minecraft:yellow_bed":3},"minecraft:picked_up":{"born_in_chaos_v1:fused_bone":1,"minecraft:birch_log":12,"luminousworld:groundpebbles_1":1,"minecraft:mud":5,"minecraft:wheat":29,"minecraft:crafting_table":3,"luminousworld:savannah_ground":2,"minecraft:salmon":1,"minecraft:andesite":2,"minecraft:potato":19,"luminousworld:trout":1,"minecraft:oak_log":13,"minecraft:yellow_bed":4,"minecraft:gunpowder":1,"minecraft:string":3,"alexsmobs:gazelle_horn":2,"minecraft:dirt":116,"minecraft:lantern":1,"minecraft:item_frame":9,"minecraft:beetroot":8,"minecraft:apple":1,"minecraft:gold_nugget":2,"minecraft:wheat_seeds":79,"luminousworld:elephant_grass":2,"minecraft:iron_nugget":1,"minecraft:poppy":2,"minecraft:melon_slice":53,"ecologics:prickly_pear":1,"minecraft:porkchop":1,"luminousworld:savannah_soil":3,"quark:blossom_log":7,"minecraft:carrot":109,"alexsmobs:animal_dictionary":1,"minecraft:spider_eye":1,"luminousworld:yellow_grassflowers":1,"luminousworld:grassflowers":2,"minecraft:arrow":9,"minecraft:rotten_flesh":1,"born_in_chaos_v1:fire_dust":1,"minecraft:beetroot_seeds":18,"minecraft:peony":12,"minecraft:hay_block":3,"supplementaries:ash":1,"luminousworld:tall_deadbush":1,"minecraft:mutton":2,"undead_revamp2:arapholia":1,"minecraft:coal":34,"minecraft:cobblestone":46},"minecraft:killed_by":{"born_in_chaos_v1:bloody_gadfly":1,"iceandfire:lightning_dragon":1,"enemyexpansion:huntsman":1},"minecraft:custom":{"minecraft:interact_with_furnace":4,"minecraft:mob_kills":8,"minecraft:interact_with_crafting_table":13,"minecraft:leave_game":2,"minecraft:sleep_in_bed":2,"minecraft:time_since_death":24600,"minecraft:climb_one_cm":5929,"minecraft:time_since_rest":188,"minecraft:sprint_one_cm":145356,"minecraft:damage_taken":1678,"minecraft:walk_one_cm":139589,"minecraft:drop":4,"minecraft:damage_dealt":697,"minecraft:swim_one_cm":12691,"minecraft:fly_one_cm":296032,"minecraft:open_chest":7,"minecraft:crouch_one_cm":10398,"minecraft:play_time":66516,"minecraft:deaths":5,"minecraft:sneak_time":3368,"minecraft:walk_under_water_one_cm":16150,"minecraft:jump":1791,"minecraft:walk_on_water_one_cm":25982,"minecraft:total_world_time":66516,"minecraft:fall_one_cm":65720},"minecraft:mined":{"luminousworld:savannah_soil":3,"ecologics:pot":1,"luminousworld:tall_deadbush":2,"minecraft:crafting_table":3,"luminousworld:savannah_grass_1":10,"minecraft:grass_block":106,"minecraft:poppy":2,"minecraft:melon":10,"minecraft:dead_bush":1,"quark:blossom_log":7,"luminousworld:grassvariant_2":2,"luminousworld:grassflowers":1,"minecraft:tall_grass":11,"luminousworld:savanna_grass_2":7,"ecologics:prickly_pear":1,"minecraft:hay_block":3,"luminousworld:yellow_grassflowers":1,"minecraft:carrots":27,"minecraft:mud":6,"minecraft:birch_log":12,"minecraft:wheat":30,"minecraft:birch_leaves":2,"minecraft:andesite":2,"minecraft:yellow_bed":4,"minecraft:peony":12,"minecraft:mangrove_leaves":1,"minecraft:muddy_mangrove_roots":1,"minecraft:grass":26,"minecraft:potatoes":5,"minecraft:coal_ore":35,"minecraft:oak_log":9,"minecraft:beetroots":3,"minecraft:dirt":16,"luminousworld:grassvariant_3":1,"luminousworld:groundpebbles_2":1,"minecraft:stone":49,"luminousworld:savannah_grass_4":9,"luminousworld:elephant_grass":3,"minecraft:oak_leaves":28,"minecraft:fern":5,"luminousworld:savannah_ground":2}},"DataVersion":3465}