{"stats":{"minecraft:mined":{"ecologics:pot":1,"minecraft:crafting_table":1,"minecraft:grass":4,"minecraft:oak_log":9,"minecraft:melon":10,"minecraft:dead_bush":1,"minecraft:oak_leaves":23,"minecraft:fern":1,"ecologics:prickly_pear":1},"minecraft:crafted":{"minecraft:oak_planks":12,"minecraft:crafting_table":1,"minecraft:stick":4,"minecraft:wooden_pickaxe":1},"minecraft:picked_up":{"born_in_chaos_v1:fused_bone":1,"minecraft:crafting_table":1,"ecologics:prickly_pear":1,"minecraft:oak_log":13,"minecraft:gunpowder":1,"minecraft:spider_eye":1,"minecraft:string":1,"alexsmobs:animal_dictionary":1,"minecraft:apple":1,"minecraft:rotten_flesh":1,"born_in_chaos_v1:fire_dust":1,"minecraft:gold_nugget":2,"minecraft:iron_nugget":1,"supplementaries:ash":1,"minecraft:melon_slice":53},"minecraft:killed":{"born_in_chaos_v1:firelight_not_despawn":1},"minecraft:dropped":{"alexsmobs:animal_dictionary":1},"minecraft:killed_by":{"enemyexpansion:huntsman":1},"minecraft:used":{"minecraft:apple":1,"minecraft:melon_slice":7,"minecraft:wooden_pickaxe":2,"minecraft:crafting_table":1,"tombstone:gift":2,"ecologics:prickly_pear":1},"minecraft:custom":{"minecraft:time_since_rest":9243,"minecraft:sprint_one_cm":37996,"minecraft:damage_taken":410,"minecraft:walk_one_cm":30900,"minecraft:mob_kills":1,"minecraft:drop":1,"minecraft:damage_dealt":118,"minecraft:swim_one_cm":3144,"minecraft:interact_with_crafting_table":2,"minecraft:fly_one_cm":80172,"minecraft:crouch_one_cm":3568,"minecraft:play_time":17381,"minecraft:deaths":1,"minecraft:sneak_time":1280,"minecraft:walk_under_water_one_cm":136,"minecraft:jump":454,"minecraft:time_since_death":10336,"minecraft:walk_on_water_one_cm":2124,"minecraft:climb_one_cm":1977,"minecraft:total_world_time":17381,"minecraft:fall_one_cm":17582}},"DataVersion":3465}