{"stats":{"minecraft:mined":{"ecologics:pot":1,"minecraft:mud":6,"minecraft:mangrove_leaves":1,"minecraft:crafting_table":1,"minecraft:muddy_mangrove_roots":1,"minecraft:grass":4,"minecraft:grass_block":1,"minecraft:oak_log":9,"minecraft:melon":10,"minecraft:dead_bush":1,"minecraft:oak_leaves":27,"minecraft:fern":1,"ecologics:prickly_pear":1},"minecraft:crafted":{"minecraft:oak_planks":12,"minecraft:crafting_table":1,"minecraft:stick":4,"minecraft:wooden_pickaxe":1},"minecraft:picked_up":{"born_in_chaos_v1:fused_bone":1,"minecraft:mud":5,"minecraft:crafting_table":1,"ecologics:prickly_pear":1,"minecraft:oak_log":13,"minecraft:dirt":1,"minecraft:gunpowder":1,"minecraft:spider_eye":1,"minecraft:string":1,"alexsmobs:animal_dictionary":1,"minecraft:apple":1,"minecraft:rotten_flesh":1,"born_in_chaos_v1:fire_dust":1,"minecraft:gold_nugget":2,"minecraft:iron_nugget":1,"supplementaries:ash":1,"minecraft:melon_slice":53},"minecraft:killed":{"born_in_chaos_v1:firelight_not_despawn":1},"minecraft:dropped":{"alexsmobs:animal_dictionary":1},"minecraft:killed_by":{"born_in_chaos_v1:bloody_gadfly":1,"enemyexpansion:huntsman":1},"minecraft:used":{"minecraft:apple":1,"minecraft:melon_slice":10,"minecraft:wooden_pickaxe":2,"minecraft:crafting_table":1,"tombstone:gift":2,"ecologics:prickly_pear":1},"minecraft:custom":{"minecraft:time_since_rest":424,"minecraft:sprint_one_cm":78475,"minecraft:damage_taken":1145,"minecraft:walk_one_cm":44930,"minecraft:mob_kills":1,"minecraft:drop":1,"minecraft:damage_dealt":123,"minecraft:swim_one_cm":6809,"minecraft:interact_with_crafting_table":2,"minecraft:fly_one_cm":137082,"minecraft:crouch_one_cm":3568,"minecraft:play_time":28222,"minecraft:deaths":4,"minecraft:sneak_time":1281,"minecraft:walk_under_water_one_cm":560,"minecraft:jump":803,"minecraft:leave_game":1,"minecraft:time_since_death":0,"minecraft:walk_on_water_one_cm":5095,"minecraft:climb_one_cm":4785,"minecraft:total_world_time":28222,"minecraft:fall_one_cm":33619}},"DataVersion":3465}