{"stats":{"minecraft:mined":{"minecraft:oak_log":9,"minecraft:oak_leaves":18},"minecraft:picked_up":{"minecraft:oak_log":8,"minecraft:apple":1,"alexsmobs:animal_dictionary":1},"minecraft:dropped":{"alexsmobs:animal_dictionary":1},"minecraft:custom":{"minecraft:jump":37,"minecraft:time_since_rest":5381,"minecraft:crouch_one_cm":2194,"minecraft:sprint_one_cm":2220,"minecraft:play_time":5381,"minecraft:damage_taken":40,"minecraft:time_since_death":5381,"minecraft:walk_one_cm":5323,"minecraft:sneak_time":657,"minecraft:total_world_time":5381,"minecraft:drop":1,"minecraft:fall_one_cm":2444,"minecraft:fly_one_cm":3907}},"DataVersion":3465}