{"stats":{"minecraft:dropped":{"alexsmobs:animal_dictionary":1,"tombstone:grave_key":3},"minecraft:crafted":{"minecraft:oak_planks":12,"quark:blossom_planks":28,"minecraft:crafting_table":3,"minecraft:wooden_pickaxe":3,"minecraft:birch_planks":48,"minecraft:stick":16,"minecraft:stone_pickaxe":2,"minecraft:stone_sword":1},"minecraft:killed":{"minecraft:salmon":1,"minecraft:spider":1,"luminousworld:trout_fish":1,"alexsmobs:gazelle":3,"born_in_chaos_v1:firelight_not_despawn":1},"minecraft:used":{"minecraft:stone_sword":32,"minecraft:stone_pickaxe":59,"minecraft:wooden_pickaxe":31,"minecraft:salmon":1,"minecraft:dirt":4,"minecraft:mutton":2,"minecraft:crafting_table":4,"ecologics:prickly_pear":1,"minecraft:apple":1,"minecraft:melon_slice":10,"luminousworld:trout":1,"minecraft:cobblestone":19,"tombstone:gift":2,"minecraft:yellow_bed":2},"minecraft:picked_up":{"born_in_chaos_v1:fused_bone":1,"minecraft:birch_log":12,"minecraft:mud":5,"minecraft:wheat":24,"minecraft:crafting_table":2,"luminousworld:savannah_ground":2,"minecraft:salmon":1,"minecraft:andesite":2,"minecraft:potato":19,"luminousworld:trout":1,"minecraft:oak_log":13,"minecraft:yellow_bed":4,"minecraft:gunpowder":1,"minecraft:string":3,"alexsmobs:gazelle_horn":2,"minecraft:dirt":6,"minecraft:item_frame":9,"minecraft:beetroot":2,"minecraft:apple":1,"minecraft:gold_nugget":2,"minecraft:wheat_seeds":72,"luminousworld:elephant_grass":2,"minecraft:iron_nugget":1,"minecraft:poppy":2,"minecraft:melon_slice":53,"ecologics:prickly_pear":1,"luminousworld:savannah_soil":3,"quark:blossom_log":7,"minecraft:carrot":104,"alexsmobs:animal_dictionary":1,"minecraft:spider_eye":1,"minecraft:arrow":9,"minecraft:rotten_flesh":1,"born_in_chaos_v1:fire_dust":1,"minecraft:beetroot_seeds":5,"minecraft:peony":12,"supplementaries:ash":1,"luminousworld:tall_deadbush":1,"minecraft:mutton":2,"minecraft:coal":22,"minecraft:cobblestone":36},"minecraft:killed_by":{"born_in_chaos_v1:bloody_gadfly":1,"iceandfire:lightning_dragon":1,"enemyexpansion:huntsman":1},"minecraft:custom":{"minecraft:mob_kills":7,"minecraft:interact_with_crafting_table":6,"minecraft:leave_game":2,"minecraft:sleep_in_bed":1,"minecraft:time_since_death":12600,"minecraft:climb_one_cm":5929,"minecraft:time_since_rest":919,"minecraft:sprint_one_cm":127506,"minecraft:damage_taken":1558,"minecraft:walk_one_cm":108618,"minecraft:drop":4,"minecraft:damage_dealt":647,"minecraft:swim_one_cm":10731,"minecraft:fly_one_cm":249135,"minecraft:crouch_one_cm":5138,"minecraft:play_time":54516,"minecraft:deaths":5,"minecraft:sneak_time":1916,"minecraft:walk_under_water_one_cm":15680,"minecraft:jump":1584,"minecraft:walk_on_water_one_cm":21873,"minecraft:total_world_time":54516,"minecraft:fall_one_cm":59367},"minecraft:mined":{"luminousworld:savannah_soil":3,"ecologics:pot":1,"luminousworld:tall_deadbush":2,"minecraft:crafting_table":2,"luminousworld:savannah_grass_1":10,"minecraft:grass_block":5,"minecraft:poppy":2,"minecraft:melon":10,"minecraft:dead_bush":1,"quark:blossom_log":7,"minecraft:tall_grass":11,"luminousworld:savanna_grass_2":7,"ecologics:prickly_pear":1,"minecraft:hay_block":1,"minecraft:carrots":27,"minecraft:mud":6,"minecraft:birch_log":12,"minecraft:wheat":30,"minecraft:birch_leaves":2,"minecraft:andesite":2,"minecraft:yellow_bed":4,"minecraft:peony":12,"minecraft:mangrove_leaves":1,"minecraft:muddy_mangrove_roots":1,"minecraft:grass":16,"minecraft:potatoes":5,"minecraft:coal_ore":22,"minecraft:oak_log":9,"minecraft:beetroots":2,"minecraft:dirt":1,"luminousworld:grassvariant_3":1,"minecraft:stone":37,"luminousworld:savannah_grass_4":9,"luminousworld:elephant_grass":3,"minecraft:oak_leaves":28,"minecraft:fern":5,"luminousworld:savannah_ground":2}},"DataVersion":3465}