{"stats":{"minecraft:killed":{"minecraft:pig":1,"undead_revamp2:thehunter":1,"minecraft:spider":1,"born_in_chaos_v1:zombie_bruiser":1,"born_in_chaos_v1:decrepit_skeleton":1,"minecraft:skeleton":1,"minecraft:zombie":2,"born_in_chaos_v1:corpse_fly":2},"minecraft:mined":{"luminousworld:savannah_soil":3,"minecraft:grass_block":4,"minecraft:copper_ore":8,"minecraft:sugar_cane":2,"minecraft:coarse_dirt":3,"minecraft:iron_ore":2,"minecraft:grass":2,"minecraft:oak_log":32,"minecraft:coal_ore":32,"minecraft:gravel":1,"minecraft:dirt":2,"minecraft:stone":53,"minecraft:oak_leaves":5},"minecraft:killed_by":{"undead_revamp2:thehunter":1,"enemyexpansion:sprinter":1,"minecraft:zombie":1,"born_in_chaos_v1:corpse_fly":1,"iceandfire:ghost":1},"minecraft:used":{"minecraft:stone_sword":81,"minecraft:stone_pickaxe":67,"minecraft:wooden_pickaxe":36,"minecraft:rotten_flesh":9,"minecraft:dirt":5,"minecraft:crafting_table":3,"tombstone:bag_of_seeds":1,"minecraft:wooden_axe":30,"minecraft:wooden_sword":56,"minecraft:cobblestone":7,"minecraft:furnace":1,"minecraft:oak_sapling":1,"minecraft:cooked_porkchop":1,"tombstone:gift":2,"minecraft:coarse_dirt":3},"minecraft:crafted":{"minecraft:wooden_sword":1,"minecraft:oak_planks":120,"minecraft:cooked_porkchop":1,"minecraft:crafting_table":3,"minecraft:wooden_pickaxe":1,"minecraft:furnace":1,"minecraft:air":0,"minecraft:stick":8,"minecraft:stone_pickaxe":1,"minecraft:wooden_axe":1,"minecraft:stone_sword":1,"minecraft:torch":12},"minecraft:broken":{"minecraft:wooden_sword":1},"minecraft:custom":{"minecraft:interact_with_furnace":3,"minecraft:mob_kills":10,"minecraft:interact_with_crafting_table":6,"minecraft:time_since_death":5748,"minecraft:climb_one_cm":624,"minecraft:time_since_rest":3349,"minecraft:sprint_one_cm":114094,"minecraft:damage_taken":1855,"minecraft:walk_one_cm":60736,"minecraft:drop":5,"minecraft:damage_dealt":2831,"minecraft:swim_one_cm":48572,"minecraft:fly_one_cm":184163,"minecraft:crouch_one_cm":7174,"tombstone:undead_killed":6,"minecraft:play_time":53753,"minecraft:deaths":6,"minecraft:sneak_time":2081,"minecraft:walk_under_water_one_cm":2108,"minecraft:jump":963,"minecraft:walk_on_water_one_cm":34124,"minecraft:total_world_time":53753,"minecraft:fall_one_cm":23154},"minecraft:picked_up":{"born_in_chaos_v1:corpse_maggot":1,"minecraft:coarse_dirt":3,"minecraft:oak_log":30,"undead_revamp2:huntereye":1,"minecraft:dirt":5,"minecraft:raw_copper":25,"minecraft:bone":4,"tombstone:bag_of_seeds":1,"minecraft:sugar_cane":5,"minecraft:raw_iron":2,"minecraft:stick":4,"minecraft:gravel":1,"luminousworld:savannah_soil":3,"minecraft:porkchop":1,"minecraft:stone_sword":1,"minecraft:arrow":1,"minecraft:rotten_flesh":9,"minecraft:oak_sapling":1,"minecraft:coal":31,"minecraft:cobblestone":52},"minecraft:dropped":{"minecraft:stone_sword":1,"minecraft:oak_planks":73,"minecraft:torchflower_seeds":2,"born_in_chaos_v1:corpse_maggot":1}},"DataVersion":3465}