{"stats":{"minecraft:killed":{"minecraft:pig":1,"undead_revamp2:thehunter":1,"minecraft:spider":1,"born_in_chaos_v1:zombie_bruiser":1,"born_in_chaos_v1:decrepit_skeleton":1,"minecraft:skeleton":1,"minecraft:zombie":2,"enemyexpansion:vampire":1,"born_in_chaos_v1:corpse_fly":2,"undead_revamp2:sucker":1},"minecraft:mined":{"luminousworld:savannah_soil":3,"luminousworld:yellowpetunias":2,"iceandfire:silver_ore":6,"luminousworld:purple_petunias":2,"luminousworld:grassvariant_4":1,"minecraft:crafting_table":1,"minecraft:torch":1,"minecraft:granite":12,"minecraft:grass_block":8,"luminousworld:grassvariant_2":5,"minecraft:tall_grass":10,"minecraft:copper_ore":11,"minecraft:lapis_ore":3,"minecraft:sugar_cane":2,"minecraft:diorite":14,"minecraft:sandstone":4,"luminousworld:groundpebbles_3":1,"minecraft:wall_torch":4,"supplementaries:urn":2,"minecraft:coarse_dirt":3,"luminousworld:yellow_grassflowers":1,"minecraft:furnace":1,"minecraft:carrots":15,"minecraft:wheat":10,"minecraft:iron_ore":24,"minecraft:andesite":6,"minecraft:yellow_bed":1,"luminousworld:ishstone":10,"minecraft:grass":33,"minecraft:beetroots":1,"minecraft:potatoes":1,"minecraft:oak_log":32,"minecraft:coal_ore":108,"minecraft:sand":6,"minecraft:gravel":1,"minecraft:dirt":11,"luminousworld:grassvariant_3":2,"minecraft:stone":323,"minecraft:oak_leaves":5},"minecraft:killed_by":{"undead_revamp2:thehunter":1,"enemyexpansion:sprinter":1,"minecraft:zombie":1,"born_in_chaos_v1:corpse_fly":1,"iceandfire:ghost":1,"enemyexpansion:vampire":1},"minecraft:used":{"minecraft:diorite":5,"iceandfire:silver_sword":12,"minecraft:stone_sword":142,"minecraft:baked_potato":3,"minecraft:stone_pickaxe":500,"minecraft:wooden_pickaxe":43,"minecraft:stone":89,"minecraft:rotten_flesh":9,"minecraft:torch":9,"minecraft:dirt":5,"minecraft:crafting_table":6,"tombstone:bag_of_seeds":1,"minecraft:wooden_axe":30,"minecraft:bread":3,"undead_revamp2:huntereye":1,"minecraft:wooden_sword":56,"minecraft:cobblestone":7,"luminousworld:savannah_soil":2,"minecraft:furnace":3,"minecraft:oak_sapling":1,"minecraft:cooked_porkchop":1,"quark:oak_chest":1,"minecraft:yellow_bed":1,"tombstone:gift":2,"minecraft:coarse_dirt":3},"minecraft:crafted":{"minecraft:wooden_sword":1,"minecraft:oak_planks":120,"minecraft:cobblestone_slab":6,"iceandfire:silver_ingot":2,"minecraft:cooked_porkchop":1,"minecraft:crafting_table":5,"minecraft:wooden_pickaxe":1,"minecraft:baked_potato":3,"minecraft:furnace":2,"minecraft:stone":93,"minecraft:bread":3,"minecraft:air":0,"minecraft:stick":20,"quark:oak_chest":1,"minecraft:iron_ingot":2,"minecraft:stone_pickaxe":5,"minecraft:wooden_axe":1,"minecraft:stone_sword":1,"minecraft:torch":12,"iceandfire:silver_sword":1},"minecraft:custom":{"minecraft:interact_with_furnace":33,"minecraft:mob_kills":13,"minecraft:interact_with_crafting_table":19,"minecraft:time_since_death":2459,"minecraft:sleep_in_bed":2,"minecraft:climb_one_cm":688,"minecraft:time_since_rest":1492,"minecraft:sprint_one_cm":201359,"minecraft:damage_taken":2332,"minecraft:walk_one_cm":101081,"minecraft:drop":8,"minecraft:damage_dealt":3770,"minecraft:swim_one_cm":65117,"minecraft:fly_one_cm":278828,"minecraft:open_chest":2,"minecraft:crouch_one_cm":42608,"tombstone:undead_killed":8,"minecraft:play_time":89753,"minecraft:deaths":7,"minecraft:sneak_time":13285,"minecraft:walk_under_water_one_cm":4752,"minecraft:jump":1552,"minecraft:walk_on_water_one_cm":51338,"minecraft:total_world_time":89753,"minecraft:fall_one_cm":36824},"minecraft:broken":{"minecraft:stone_pickaxe":3,"minecraft:wooden_sword":1},"minecraft:picked_up":{"minecraft:crafting_table":1,"minecraft:wheat":9,"born_in_chaos_v1:corpse_maggot":1,"minecraft:coarse_dirt":3,"minecraft:andesite":6,"luminousworld:ishstone":10,"minecraft:wooden_pickaxe":1,"minecraft:potato":3,"minecraft:oak_log":30,"minecraft:chainmail_chestplate":1,"undead_revamp2:huntereye":1,"minecraft:yellow_bed":1,"minecraft:lapis_lazuli":20,"minecraft:string":2,"minecraft:dirt":18,"minecraft:raw_copper":37,"minecraft:bone":5,"minecraft:beetroot":1,"minecraft:wheat_seeds":27,"tombstone:bag_of_seeds":1,"minecraft:sugar_cane":5,"minecraft:furnace":1,"minecraft:raw_iron":24,"minecraft:stick":4,"minecraft:sandstone":4,"minecraft:torch":5,"minecraft:gravel":1,"luminousworld:savannah_soil":3,"minecraft:porkchop":1,"minecraft:sand":6,"tombstone:grave_dust":1,"minecraft:diorite":14,"minecraft:carrot":58,"minecraft:stone_sword":1,"minecraft:arrow":2,"minecraft:rotten_flesh":10,"luminousworld:yellow_grassflowers":1,"minecraft:beetroot_seeds":4,"luminousworld:yellowpetunias":2,"minecraft:granite":12,"supplementaries:ash":14,"minecraft:oak_sapling":1,"minecraft:coal":107,"iceandfire:raw_silver":6,"minecraft:cobblestone":316},"minecraft:dropped":{"minecraft:stone_sword":1,"minecraft:oak_planks":73,"minecraft:torchflower_seeds":2,"born_in_chaos_v1:corpse_maggot":1,"tombstone:grave_dust":1,"minecraft:wooden_pickaxe":2}},"DataVersion":3465}