{"stats":{"minecraft:killed":{"undead_revamp2:thehunter":1,"minecraft:spider":1,"enemyexpansion:direwolf":1,"born_in_chaos_v1:zombie_bruiser":1,"minecraft:skeleton":1,"undead_revamp2:sucker":1,"minecraft:pig":1,"born_in_chaos_v1:decrepit_skeleton":1,"minecraft:zombie":2,"enemyexpansion:vampire":1,"born_in_chaos_v1:corpse_fly":4},"minecraft:killed_by":{"born_in_chaos_v1:corpse_fly":2,"enemyexpansion:vampire":1,"undead_revamp2:thehunter":1,"enemyexpansion:sprinter":1,"minecraft:zombie":1,"iceandfire:ghost":1},"minecraft:mined":{"iceandfire:silver_ore":6,"luminousworld:yellowpetunias":2,"luminousworld:grassvariant_4":1,"minecraft:granite":19,"minecraft:grass_block":8,"luminousworld:grassvariant_2":7,"minecraft:sandstone":4,"luminousworld:groundpebbles_3":1,"minecraft:carrots":15,"minecraft:furnace":2,"luminousworld:yellow_grassflowers":1,"minecraft:iron_ore":29,"minecraft:andesite":6,"minecraft:potatoes":1,"luminousworld:groundpebbles_2":1,"minecraft:stone":330,"luminousworld:savannah_soil":3,"born_in_chaos_v1:marigolds":3,"luminousworld:purple_petunias":2,"minecraft:crafting_table":2,"minecraft:torch":3,"minecraft:calcite":2,"luminousworld:grassflowers":1,"minecraft:copper_ore":11,"minecraft:tall_grass":10,"minecraft:lapis_ore":3,"minecraft:sugar_cane":3,"minecraft:diorite":16,"minecraft:wall_torch":4,"minecraft:amethyst_block":5,"supplementaries:urn":2,"minecraft:coarse_dirt":3,"minecraft:wheat":11,"minecraft:yellow_bed":1,"minecraft:grass":44,"minecraft:coal_ore":108,"minecraft:oak_log":32,"luminousworld:ishstone":10,"minecraft:beetroots":1,"minecraft:dirt":11,"minecraft:gravel":1,"minecraft:sand":6,"luminousworld:grassvariant_3":5,"minecraft:smooth_basalt":2,"minecraft:oak_leaves":5},"minecraft:used":{"minecraft:stone_sword":142,"iceandfire:silver_sword":34,"minecraft:stone":149,"minecraft:stone_hoe":32,"minecraft:rotten_flesh":12,"minecraft:torch":12,"minecraft:dirt":5,"minecraft:wooden_axe":31,"undead_revamp2:huntereye":1,"minecraft:smooth_basalt":2,"luminousworld:savannah_soil":2,"minecraft:oak_sapling":1,"minecraft:furnace":6,"minecraft:beetroot_seeds":4,"tombstone:gift":2,"minecraft:wheat_seeds":4,"minecraft:diorite":16,"minecraft:stone_pickaxe":531,"minecraft:baked_potato":3,"minecraft:wooden_pickaxe":43,"luminousworld:ishstone":5,"minecraft:crafting_table":7,"minecraft:pumpkin_seeds":2,"tombstone:bag_of_seeds":1,"minecraft:bread":3,"minecraft:wooden_sword":56,"minecraft:cobblestone":7,"minecraft:cooked_porkchop":1,"minecraft:yellow_bed":1,"quark:oak_chest":1,"minecraft:coarse_dirt":3},"minecraft:crafted":{"minecraft:wooden_sword":1,"minecraft:oak_planks":120,"minecraft:cobblestone_slab":6,"minecraft:furnace":4,"minecraft:stone":113,"minecraft:bone_meal":15,"minecraft:stone_pickaxe":5,"minecraft:stone_hoe":1,"minecraft:cooked_porkchop":1,"iceandfire:silver_ingot":2,"minecraft:crafting_table":5,"minecraft:wooden_pickaxe":1,"minecraft:baked_potato":3,"minecraft:bread":3,"minecraft:air":0,"minecraft:stick":20,"quark:oak_chest":1,"minecraft:iron_ingot":18,"minecraft:wooden_axe":1,"minecraft:stone_sword":1,"minecraft:torch":12,"iceandfire:silver_sword":1},"minecraft:broken":{"minecraft:stone_pickaxe":4,"minecraft:wooden_sword":1},"minecraft:custom":{"minecraft:mob_kills":17,"minecraft:interact_with_crafting_table":21,"minecraft:time_since_death":3708,"minecraft:climb_one_cm":688,"minecraft:sprint_one_cm":232669,"minecraft:walk_one_cm":130228,"minecraft:drop":9,"minecraft:play_time":101753,"minecraft:deaths":8,"minecraft:sneak_time":14740,"minecraft:walk_under_water_one_cm":4752,"minecraft:jump":1806,"minecraft:walk_on_water_one_cm":51391,"minecraft:total_world_time":101753,"minecraft:interact_with_furnace":42,"minecraft:sleep_in_bed":3,"minecraft:time_since_rest":1053,"minecraft:damage_taken":2483,"minecraft:damage_dealt":4250,"minecraft:swim_one_cm":65117,"minecraft:fly_one_cm":299994,"minecraft:open_chest":8,"minecraft:crouch_one_cm":47126,"tombstone:undead_killed":8,"minecraft:fall_one_cm":41642},"minecraft:picked_up":{"luminousworld:groundpebbles_1":1,"minecraft:coarse_dirt":3,"minecraft:crafting_table":2,"minecraft:wheat":9,"minecraft:wooden_pickaxe":1,"minecraft:amethyst_block":5,"minecraft:string":2,"minecraft:raw_copper":37,"minecraft:beetroot":1,"minecraft:calcite":2,"minecraft:sugar_cane":8,"minecraft:furnace":2,"minecraft:stick":4,"minecraft:raw_iron":29,"minecraft:sandstone":4,"minecraft:stone":64,"minecraft:torch":7,"luminousworld:savannah_soil":3,"minecraft:porkchop":1,"tombstone:grave_dust":1,"minecraft:diorite":16,"minecraft:carrot":58,"minecraft:stone_sword":1,"minecraft:arrow":2,"minecraft:rotten_flesh":12,"luminousworld:yellow_grassflowers":1,"minecraft:beetroot_seeds":4,"supplementaries:ash":14,"minecraft:cobblestone":322,"born_in_chaos_v1:corpse_maggot":3,"minecraft:andesite":6,"luminousworld:ishstone":10,"minecraft:potato":3,"minecraft:oak_log":30,"minecraft:chainmail_chestplate":1,"undead_revamp2:huntereye":1,"minecraft:yellow_bed":1,"minecraft:lapis_lazuli":20,"minecraft:dirt":18,"born_in_chaos_v1:marigolds":3,"minecraft:bone":5,"minecraft:wheat_seeds":31,"tombstone:bag_of_seeds":1,"minecraft:smooth_basalt":2,"minecraft:gravel":1,"minecraft:sand":6,"luminousworld:yellowpetunias":2,"minecraft:granite":19,"minecraft:oak_sapling":1,"minecraft:coal":127,"iceandfire:raw_silver":6},"minecraft:dropped":{"tombstone:grave_dust":1,"minecraft:stone_sword":1,"minecraft:oak_planks":73,"minecraft:torchflower_seeds":2,"born_in_chaos_v1:corpse_maggot":3,"minecraft:wooden_pickaxe":2}},"DataVersion":3465}