{"stats":{"minecraft:killed":{"undead_revamp2:thehunter":1,"minecraft:spider":2,"enemyexpansion:direwolf":2,"born_in_chaos_v1:zombie_bruiser":1,"undead_revamp2:theswarmer":1,"born_in_chaos_v1:maggot":1,"minecraft:skeleton":1,"undead_revamp2:sucker":1,"minecraft:pig":1,"born_in_chaos_v1:decrepit_skeleton":1,"undead_revamp2:thesomnolence":5,"minecraft:zombie":2,"enemyexpansion:vampire":1,"born_in_chaos_v1:corpse_fly":8,"undead_revamp2:theskeeper":1},"minecraft:killed_by":{"born_in_chaos_v1:corpse_fly":3,"enemyexpansion:vampire":1,"undead_revamp2:thehunter":1,"enemyexpansion:sprinter":1,"minecraft:zombie":1,"iceandfire:ghost":1},"minecraft:mined":{"iceandfire:silver_ore":12,"luminousworld:yellowpetunias":4,"luminousworld:grassvariant_4":2,"minecraft:granite":19,"minecraft:grass_block":10,"luminousworld:grassvariant_2":16,"minecraft:sandstone":4,"luminousworld:groundpebbles_3":1,"minecraft:carrots":15,"minecraft:furnace":2,"luminousworld:yellow_grassflowers":1,"minecraft:iron_ore":79,"minecraft:andesite":6,"minecraft:potatoes":1,"luminousworld:groundpebbles_2":1,"minecraft:stone":345,"minecraft:tripwire":1,"luminousworld:savannah_soil":3,"born_in_chaos_v1:marigolds":6,"luminousworld:purple_petunias":2,"minecraft:crafting_table":2,"minecraft:torch":5,"minecraft:calcite":2,"minecraft:stone_slab":1,"luminousworld:grassflowers":1,"minecraft:copper_ore":13,"minecraft:tall_grass":10,"minecraft:lapis_ore":3,"minecraft:sugar_cane":6,"minecraft:diorite":16,"minecraft:wall_torch":12,"minecraft:amethyst_block":5,"supplementaries:urn":10,"minecraft:stone_stairs":15,"minecraft:coarse_dirt":3,"minecraft:wheat":14,"minecraft:yellow_bed":1,"minecraft:grass":65,"minecraft:coal_ore":139,"minecraft:oak_log":32,"luminousworld:ishstone":10,"minecraft:beetroots":5,"minecraft:dirt":14,"minecraft:gravel":1,"minecraft:sand":44,"luminousworld:grassvariant_3":11,"minecraft:cobweb":1,"minecraft:smooth_basalt":2,"minecraft:oak_leaves":5},"minecraft:used":{"minecraft:stone_sword":142,"iceandfire:silver_sword":163,"minecraft:stone":149,"minecraft:stone_hoe":67,"minecraft:rotten_flesh":13,"minecraft:torch":21,"minecraft:dirt":18,"minecraft:carrot":39,"minecraft:stone_stairs":26,"minecraft:granite":19,"minecraft:glass":10,"minecraft:wooden_axe":31,"undead_revamp2:huntereye":1,"minecraft:smooth_basalt":2,"minecraft:bow":5,"luminousworld:savannah_soil":3,"minecraft:oak_sapling":1,"minecraft:furnace":6,"minecraft:beetroot_seeds":11,"tombstone:gift":3,"minecraft:wheat_seeds":8,"minecraft:diorite":16,"minecraft:stone_pickaxe":654,"minecraft:baked_potato":3,"minecraft:wooden_pickaxe":43,"luminousworld:ishstone":5,"minecraft:crafting_table":7,"minecraft:pumpkin_seeds":2,"tombstone:bag_of_seeds":1,"minecraft:bread":3,"minecraft:string":1,"minecraft:stone_slab":62,"minecraft:wooden_sword":56,"minecraft:cobblestone":22,"minecraft:cooked_porkchop":1,"minecraft:yellow_bed":1,"quark:oak_chest":1,"minecraft:coarse_dirt":3,"minecraft:bone_meal":15},"minecraft:crafted":{"minecraft:wooden_sword":1,"minecraft:oak_planks":120,"minecraft:cobblestone_slab":6,"minecraft:furnace":4,"minecraft:stone":197,"minecraft:bone_meal":15,"minecraft:stone_stairs":16,"minecraft:glass":37,"minecraft:iron_boots":1,"minecraft:stone_pickaxe":5,"minecraft:stone_hoe":1,"minecraft:cooked_porkchop":1,"iceandfire:silver_ingot":6,"minecraft:crafting_table":5,"minecraft:iron_helmet":1,"minecraft:wooden_pickaxe":1,"minecraft:baked_potato":3,"minecraft:bread":3,"minecraft:air":0,"minecraft:stone_slab":60,"minecraft:stick":20,"quark:oak_chest":1,"minecraft:iron_ingot":29,"minecraft:wooden_axe":1,"minecraft:stone_sword":1,"minecraft:iron_leggings":1,"minecraft:torch":12,"iceandfire:silver_sword":1},"minecraft:broken":{"minecraft:stone_pickaxe":5,"minecraft:wooden_sword":1},"minecraft:custom":{"minecraft:mob_kills":41,"minecraft:interact_with_crafting_table":27,"minecraft:damage_dealt_resisted":20,"minecraft:time_since_death":21316,"minecraft:climb_one_cm":688,"minecraft:sprint_one_cm":350640,"minecraft:walk_one_cm":203059,"minecraft:drop":21,"minecraft:play_time":149753,"minecraft:deaths":10,"minecraft:sneak_time":20327,"minecraft:walk_under_water_one_cm":6620,"minecraft:jump":2666,"minecraft:walk_on_water_one_cm":63099,"minecraft:total_world_time":149753,"minecraft:interact_with_furnace":60,"minecraft:sleep_in_bed":4,"minecraft:time_since_rest":19455,"minecraft:damage_taken":3751,"minecraft:damage_dealt":7576,"minecraft:swim_one_cm":86268,"minecraft:fly_one_cm":438257,"minecraft:open_chest":14,"minecraft:crouch_one_cm":66646,"tombstone:undead_killed":10,"minecraft:fall_one_cm":59730},"minecraft:picked_up":{"luminousworld:groundpebbles_1":2,"minecraft:coarse_dirt":3,"minecraft:crafting_table":2,"minecraft:wheat":9,"minecraft:stone_slab":2,"minecraft:wooden_pickaxe":1,"minecraft:amethyst_block":5,"minecraft:string":4,"minecraft:stone_stairs":15,"minecraft:raw_copper":44,"minecraft:beetroot":6,"minecraft:gold_nugget":18,"minecraft:cobblestone_slab":6,"minecraft:calcite":4,"minecraft:sugar_cane":14,"minecraft:furnace":2,"minecraft:stick":4,"minecraft:raw_iron":79,"minecraft:sandstone":4,"minecraft:stone":64,"minecraft:torch":34,"luminousworld:savannah_soil":4,"minecraft:porkchop":1,"tombstone:grave_dust":1,"minecraft:diorite":16,"minecraft:carrot":58,"minecraft:stone_sword":1,"minecraft:arrow":5,"minecraft:rotten_flesh":16,"luminousworld:yellow_grassflowers":1,"minecraft:beetroot_seeds":17,"undead_revamp2:the_somnolenceextract":1,"supplementaries:ash":42,"minecraft:cobblestone":337,"born_in_chaos_v1:corpse_maggot":8,"minecraft:salmon":1,"minecraft:andesite":6,"luminousworld:ishstone":10,"minecraft:potato":3,"minecraft:oak_log":30,"minecraft:chainmail_chestplate":1,"undead_revamp2:huntereye":1,"minecraft:yellow_bed":1,"minecraft:gunpowder":2,"minecraft:lapis_lazuli":20,"minecraft:dirt":23,"born_in_chaos_v1:marigolds":5,"minecraft:bone":6,"minecraft:bow":1,"minecraft:wheat_seeds":37,"minecraft:stone_pickaxe":1,"tombstone:bag_of_seeds":1,"minecraft:smooth_basalt":2,"minecraft:gravel":1,"minecraft:sand":43,"minecraft:diamond":8,"luminousworld:yellowpetunias":4,"minecraft:granite":19,"minecraft:oak_sapling":1,"minecraft:coal":158,"iceandfire:raw_silver":12},"minecraft:dropped":{"minecraft:wheat_seeds":2,"luminousworld:yellowpetunias":4,"minecraft:wooden_axe":1,"tombstone:grave_dust":1,"minecraft:string":1,"minecraft:stone_sword":1,"minecraft:oak_planks":73,"minecraft:stone_stairs":5,"luminousworld:savannah_soil":1,"minecraft:torchflower_seeds":2,"supplementaries:ash":1,"minecraft:cobblestone_slab":6,"born_in_chaos_v1:corpse_maggot":3,"minecraft:stone_pickaxe":1,"minecraft:wooden_pickaxe":2,"minecraft:calcite":2,"born_in_chaos_v1:marigolds":5}},"DataVersion":3465}