{"stats":{"minecraft:killed":{"undead_revamp2:thehunter":1,"minecraft:spider":2,"enemyexpansion:direwolf":2,"born_in_chaos_v1:zombie_bruiser":1,"undead_revamp2:theswarmer":1,"born_in_chaos_v1:maggot":1,"minecraft:skeleton":1,"undead_revamp2:sucker":1,"minecraft:pig":1,"born_in_chaos_v1:decrepit_skeleton":1,"minecraft:zombie":2,"enemyexpansion:vampire":1,"born_in_chaos_v1:corpse_fly":4},"minecraft:killed_by":{"born_in_chaos_v1:corpse_fly":2,"enemyexpansion:vampire":1,"undead_revamp2:thehunter":1,"enemyexpansion:sprinter":1,"minecraft:zombie":1,"iceandfire:ghost":1},"minecraft:mined":{"iceandfire:silver_ore":10,"luminousworld:yellowpetunias":4,"luminousworld:grassvariant_4":2,"minecraft:granite":19,"minecraft:grass_block":9,"luminousworld:grassvariant_2":16,"minecraft:sandstone":4,"luminousworld:groundpebbles_3":1,"minecraft:carrots":15,"minecraft:furnace":2,"luminousworld:yellow_grassflowers":1,"minecraft:iron_ore":33,"minecraft:andesite":6,"minecraft:potatoes":1,"luminousworld:groundpebbles_2":1,"minecraft:stone":338,"luminousworld:savannah_soil":3,"born_in_chaos_v1:marigolds":6,"luminousworld:purple_petunias":2,"minecraft:crafting_table":2,"minecraft:torch":3,"minecraft:calcite":2,"minecraft:stone_slab":1,"luminousworld:grassflowers":1,"minecraft:copper_ore":13,"minecraft:tall_grass":10,"minecraft:lapis_ore":3,"minecraft:sugar_cane":6,"minecraft:diorite":16,"minecraft:wall_torch":5,"minecraft:amethyst_block":5,"supplementaries:urn":2,"minecraft:stone_stairs":15,"minecraft:coarse_dirt":3,"minecraft:wheat":11,"minecraft:yellow_bed":1,"minecraft:grass":65,"minecraft:coal_ore":139,"minecraft:oak_log":32,"luminousworld:ishstone":10,"minecraft:beetroots":1,"minecraft:dirt":11,"minecraft:gravel":1,"minecraft:sand":44,"luminousworld:grassvariant_3":11,"minecraft:smooth_basalt":2,"minecraft:oak_leaves":5},"minecraft:used":{"minecraft:stone_sword":142,"iceandfire:silver_sword":81,"minecraft:stone":149,"minecraft:stone_hoe":32,"minecraft:rotten_flesh":12,"minecraft:torch":12,"minecraft:dirt":5,"minecraft:carrot":13,"minecraft:stone_stairs":26,"minecraft:glass":10,"minecraft:wooden_axe":31,"undead_revamp2:huntereye":1,"minecraft:smooth_basalt":2,"luminousworld:savannah_soil":2,"minecraft:oak_sapling":1,"minecraft:furnace":6,"minecraft:beetroot_seeds":4,"tombstone:gift":2,"minecraft:wheat_seeds":4,"minecraft:diorite":16,"minecraft:stone_pickaxe":596,"minecraft:baked_potato":3,"minecraft:wooden_pickaxe":43,"luminousworld:ishstone":5,"minecraft:crafting_table":7,"minecraft:pumpkin_seeds":2,"tombstone:bag_of_seeds":1,"minecraft:bread":3,"minecraft:stone_slab":62,"minecraft:wooden_sword":56,"minecraft:cobblestone":11,"minecraft:cooked_porkchop":1,"minecraft:yellow_bed":1,"quark:oak_chest":1,"minecraft:coarse_dirt":3,"minecraft:bone_meal":15},"minecraft:crafted":{"minecraft:wooden_sword":1,"minecraft:oak_planks":120,"minecraft:cobblestone_slab":6,"minecraft:furnace":4,"minecraft:stone":197,"minecraft:bone_meal":15,"minecraft:stone_stairs":16,"minecraft:glass":37,"minecraft:stone_pickaxe":5,"minecraft:stone_hoe":1,"minecraft:cooked_porkchop":1,"iceandfire:silver_ingot":6,"minecraft:crafting_table":5,"minecraft:wooden_pickaxe":1,"minecraft:baked_potato":3,"minecraft:bread":3,"minecraft:air":0,"minecraft:stone_slab":60,"minecraft:stick":20,"quark:oak_chest":1,"minecraft:iron_ingot":29,"minecraft:wooden_axe":1,"minecraft:stone_sword":1,"minecraft:torch":12,"iceandfire:silver_sword":1},"minecraft:broken":{"minecraft:stone_pickaxe":4,"minecraft:wooden_sword":1},"minecraft:custom":{"minecraft:mob_kills":25,"minecraft:interact_with_crafting_table":25,"minecraft:damage_dealt_resisted":20,"minecraft:time_since_death":2118,"minecraft:climb_one_cm":688,"minecraft:sprint_one_cm":295930,"minecraft:walk_one_cm":172142,"minecraft:drop":15,"minecraft:play_time":125753,"minecraft:deaths":9,"minecraft:sneak_time":17818,"minecraft:walk_under_water_one_cm":6130,"minecraft:jump":2312,"minecraft:walk_on_water_one_cm":59615,"minecraft:total_world_time":125753,"minecraft:interact_with_furnace":59,"minecraft:sleep_in_bed":4,"minecraft:time_since_rest":429,"minecraft:damage_taken":3015,"minecraft:damage_dealt":5665,"minecraft:swim_one_cm":75765,"minecraft:fly_one_cm":392720,"minecraft:open_chest":12,"minecraft:crouch_one_cm":58534,"tombstone:undead_killed":9,"minecraft:fall_one_cm":52598},"minecraft:picked_up":{"luminousworld:groundpebbles_1":2,"minecraft:coarse_dirt":3,"minecraft:crafting_table":2,"minecraft:wheat":9,"minecraft:stone_slab":2,"minecraft:wooden_pickaxe":1,"minecraft:amethyst_block":5,"minecraft:string":2,"minecraft:stone_stairs":15,"minecraft:raw_copper":44,"minecraft:beetroot":4,"minecraft:calcite":2,"minecraft:sugar_cane":14,"minecraft:furnace":2,"minecraft:stick":4,"minecraft:raw_iron":33,"minecraft:sandstone":4,"minecraft:stone":64,"minecraft:torch":8,"luminousworld:savannah_soil":3,"minecraft:porkchop":1,"tombstone:grave_dust":1,"minecraft:diorite":16,"minecraft:carrot":58,"minecraft:stone_sword":1,"minecraft:arrow":3,"minecraft:rotten_flesh":15,"luminousworld:yellow_grassflowers":1,"minecraft:beetroot_seeds":10,"supplementaries:ash":15,"minecraft:cobblestone":330,"born_in_chaos_v1:corpse_maggot":4,"minecraft:salmon":1,"minecraft:andesite":6,"luminousworld:ishstone":10,"minecraft:potato":3,"minecraft:oak_log":30,"minecraft:chainmail_chestplate":1,"undead_revamp2:huntereye":1,"minecraft:yellow_bed":1,"minecraft:gunpowder":2,"minecraft:lapis_lazuli":20,"minecraft:dirt":19,"born_in_chaos_v1:marigolds":5,"minecraft:bone":6,"minecraft:wheat_seeds":34,"minecraft:stone_pickaxe":1,"tombstone:bag_of_seeds":1,"minecraft:smooth_basalt":2,"minecraft:gravel":1,"minecraft:sand":43,"luminousworld:yellowpetunias":4,"minecraft:granite":19,"minecraft:oak_sapling":1,"minecraft:coal":158,"iceandfire:raw_silver":10},"minecraft:dropped":{"minecraft:wheat_seeds":2,"luminousworld:yellowpetunias":4,"minecraft:wooden_axe":1,"tombstone:grave_dust":1,"minecraft:stone_sword":1,"minecraft:oak_planks":73,"minecraft:torchflower_seeds":2,"born_in_chaos_v1:corpse_maggot":3,"minecraft:stone_pickaxe":1,"minecraft:wooden_pickaxe":2,"born_in_chaos_v1:marigolds":5}},"DataVersion":3465}