{"stats":{"minecraft:killed":{"minecraft:pig":1,"undead_revamp2:thehunter":1,"minecraft:spider":1,"born_in_chaos_v1:zombie_bruiser":1,"born_in_chaos_v1:decrepit_skeleton":1,"minecraft:skeleton":1,"minecraft:zombie":2,"born_in_chaos_v1:corpse_fly":2,"undead_revamp2:sucker":1},"minecraft:mined":{"luminousworld:savannah_soil":3,"luminousworld:yellowpetunias":1,"iceandfire:silver_ore":2,"luminousworld:grassvariant_4":1,"minecraft:crafting_table":1,"minecraft:grass_block":4,"luminousworld:grassvariant_2":3,"minecraft:tall_grass":8,"minecraft:copper_ore":8,"minecraft:sugar_cane":2,"minecraft:coarse_dirt":3,"minecraft:furnace":1,"minecraft:carrots":15,"minecraft:wheat":10,"minecraft:iron_ore":2,"minecraft:yellow_bed":1,"minecraft:grass":22,"minecraft:beetroots":1,"minecraft:potatoes":1,"minecraft:oak_log":32,"minecraft:coal_ore":32,"minecraft:gravel":1,"minecraft:dirt":2,"luminousworld:grassvariant_3":2,"minecraft:stone":112,"minecraft:oak_leaves":5},"minecraft:killed_by":{"undead_revamp2:thehunter":1,"enemyexpansion:sprinter":1,"minecraft:zombie":1,"born_in_chaos_v1:corpse_fly":1,"iceandfire:ghost":1},"minecraft:used":{"minecraft:stone_sword":142,"minecraft:baked_potato":3,"minecraft:stone_pickaxe":130,"minecraft:wooden_pickaxe":36,"minecraft:stone":8,"minecraft:rotten_flesh":9,"minecraft:torch":2,"minecraft:dirt":5,"minecraft:crafting_table":6,"tombstone:bag_of_seeds":1,"minecraft:wooden_axe":30,"minecraft:wooden_sword":56,"minecraft:cobblestone":7,"minecraft:furnace":3,"minecraft:oak_sapling":1,"minecraft:cooked_porkchop":1,"minecraft:yellow_bed":1,"tombstone:gift":2,"minecraft:coarse_dirt":3},"minecraft:crafted":{"minecraft:wooden_sword":1,"minecraft:oak_planks":120,"iceandfire:silver_ingot":2,"minecraft:cooked_porkchop":1,"minecraft:crafting_table":5,"minecraft:wooden_pickaxe":1,"minecraft:baked_potato":3,"minecraft:furnace":2,"minecraft:stone":19,"minecraft:bread":3,"minecraft:air":0,"minecraft:stick":8,"minecraft:iron_ingot":2,"minecraft:stone_pickaxe":1,"minecraft:wooden_axe":1,"minecraft:stone_sword":1,"minecraft:torch":12,"iceandfire:silver_sword":1},"minecraft:broken":{"minecraft:wooden_sword":1},"minecraft:custom":{"minecraft:interact_with_furnace":21,"minecraft:mob_kills":11,"minecraft:interact_with_crafting_table":12,"minecraft:time_since_death":17748,"minecraft:climb_one_cm":688,"minecraft:time_since_rest":15349,"minecraft:sprint_one_cm":143646,"minecraft:damage_taken":1945,"minecraft:walk_one_cm":76627,"minecraft:drop":5,"minecraft:damage_dealt":3031,"minecraft:swim_one_cm":53485,"minecraft:fly_one_cm":229476,"minecraft:crouch_one_cm":12403,"tombstone:undead_killed":7,"minecraft:play_time":65753,"minecraft:deaths":6,"minecraft:sneak_time":3742,"minecraft:walk_under_water_one_cm":4257,"minecraft:jump":1214,"minecraft:walk_on_water_one_cm":46511,"minecraft:total_world_time":65753,"minecraft:fall_one_cm":28561},"minecraft:picked_up":{"minecraft:crafting_table":1,"minecraft:wheat":9,"born_in_chaos_v1:corpse_maggot":1,"minecraft:coarse_dirt":3,"minecraft:potato":3,"minecraft:oak_log":30,"undead_revamp2:huntereye":1,"minecraft:yellow_bed":1,"minecraft:string":2,"minecraft:dirt":5,"minecraft:raw_copper":25,"minecraft:bone":4,"minecraft:beetroot":1,"minecraft:wheat_seeds":26,"tombstone:bag_of_seeds":1,"minecraft:sugar_cane":5,"minecraft:furnace":1,"minecraft:raw_iron":2,"minecraft:stick":4,"minecraft:gravel":1,"luminousworld:savannah_soil":3,"minecraft:porkchop":1,"minecraft:carrot":58,"minecraft:stone_sword":1,"minecraft:arrow":1,"minecraft:rotten_flesh":10,"minecraft:beetroot_seeds":4,"luminousworld:yellowpetunias":1,"minecraft:oak_sapling":1,"minecraft:coal":31,"iceandfire:raw_silver":2,"minecraft:cobblestone":110},"minecraft:dropped":{"minecraft:stone_sword":1,"minecraft:oak_planks":73,"minecraft:torchflower_seeds":2,"born_in_chaos_v1:corpse_maggot":1}},"DataVersion":3465}