{"stats":{"minecraft:killed":{"minecraft:pig":1,"undead_revamp2:thehunter":1,"minecraft:spider":1,"born_in_chaos_v1:zombie_bruiser":1,"born_in_chaos_v1:decrepit_skeleton":1,"minecraft:skeleton":1,"minecraft:zombie":2,"born_in_chaos_v1:corpse_fly":2,"undead_revamp2:sucker":1},"minecraft:mined":{"luminousworld:savannah_soil":3,"luminousworld:yellowpetunias":2,"iceandfire:silver_ore":2,"luminousworld:purple_petunias":2,"luminousworld:grassvariant_4":1,"minecraft:crafting_table":1,"minecraft:granite":11,"minecraft:grass_block":6,"luminousworld:grassvariant_2":5,"minecraft:tall_grass":10,"minecraft:copper_ore":11,"minecraft:sugar_cane":2,"minecraft:diorite":12,"minecraft:sandstone":4,"luminousworld:groundpebbles_3":1,"minecraft:wall_torch":1,"minecraft:coarse_dirt":3,"luminousworld:yellow_grassflowers":1,"minecraft:furnace":1,"minecraft:carrots":15,"minecraft:wheat":10,"minecraft:iron_ore":2,"minecraft:andesite":6,"minecraft:yellow_bed":1,"luminousworld:ishstone":6,"minecraft:grass":33,"minecraft:beetroots":1,"minecraft:potatoes":1,"minecraft:oak_log":32,"minecraft:coal_ore":75,"minecraft:sand":6,"minecraft:gravel":1,"minecraft:dirt":8,"luminousworld:grassvariant_3":2,"minecraft:stone":263,"minecraft:oak_leaves":5},"minecraft:killed_by":{"undead_revamp2:thehunter":1,"enemyexpansion:sprinter":1,"minecraft:zombie":1,"born_in_chaos_v1:corpse_fly":1,"iceandfire:ghost":1},"minecraft:used":{"minecraft:stone_sword":142,"minecraft:baked_potato":3,"minecraft:stone_pickaxe":367,"minecraft:wooden_pickaxe":43,"minecraft:stone":59,"minecraft:rotten_flesh":9,"minecraft:torch":5,"minecraft:dirt":5,"minecraft:crafting_table":6,"tombstone:bag_of_seeds":1,"minecraft:wooden_axe":30,"minecraft:bread":2,"minecraft:wooden_sword":56,"minecraft:cobblestone":7,"luminousworld:savannah_soil":2,"minecraft:furnace":3,"minecraft:oak_sapling":1,"minecraft:cooked_porkchop":1,"minecraft:yellow_bed":1,"tombstone:gift":2,"minecraft:coarse_dirt":3},"minecraft:crafted":{"minecraft:wooden_sword":1,"minecraft:oak_planks":120,"minecraft:cobblestone_slab":6,"iceandfire:silver_ingot":2,"minecraft:cooked_porkchop":1,"minecraft:crafting_table":5,"minecraft:wooden_pickaxe":1,"minecraft:baked_potato":3,"minecraft:furnace":2,"minecraft:stone":62,"minecraft:bread":3,"minecraft:air":0,"minecraft:stick":12,"minecraft:iron_ingot":2,"minecraft:stone_pickaxe":3,"minecraft:wooden_axe":1,"minecraft:stone_sword":1,"minecraft:torch":12,"iceandfire:silver_sword":1},"minecraft:custom":{"minecraft:interact_with_furnace":29,"minecraft:mob_kills":11,"minecraft:interact_with_crafting_table":16,"minecraft:time_since_death":29748,"minecraft:sleep_in_bed":1,"minecraft:climb_one_cm":688,"minecraft:time_since_rest":6596,"minecraft:sprint_one_cm":158283,"minecraft:damage_taken":1955,"minecraft:walk_one_cm":83046,"minecraft:drop":7,"minecraft:damage_dealt":3031,"minecraft:swim_one_cm":65117,"minecraft:fly_one_cm":250765,"minecraft:crouch_one_cm":32610,"tombstone:undead_killed":7,"minecraft:play_time":77753,"minecraft:deaths":6,"minecraft:sneak_time":9831,"minecraft:walk_under_water_one_cm":4752,"minecraft:jump":1321,"minecraft:walk_on_water_one_cm":51338,"minecraft:total_world_time":77753,"minecraft:fall_one_cm":30361},"minecraft:broken":{"minecraft:stone_pickaxe":2,"minecraft:wooden_sword":1},"minecraft:picked_up":{"minecraft:crafting_table":1,"minecraft:wheat":9,"born_in_chaos_v1:corpse_maggot":1,"minecraft:coarse_dirt":3,"minecraft:andesite":6,"luminousworld:ishstone":6,"minecraft:wooden_pickaxe":1,"minecraft:potato":3,"minecraft:oak_log":30,"undead_revamp2:huntereye":1,"minecraft:yellow_bed":1,"minecraft:string":2,"minecraft:dirt":13,"minecraft:raw_copper":37,"minecraft:bone":4,"minecraft:beetroot":1,"minecraft:wheat_seeds":27,"tombstone:bag_of_seeds":1,"minecraft:sugar_cane":5,"minecraft:furnace":1,"minecraft:raw_iron":2,"minecraft:stick":4,"minecraft:sandstone":4,"minecraft:torch":1,"minecraft:gravel":1,"luminousworld:savannah_soil":3,"minecraft:porkchop":1,"minecraft:sand":6,"minecraft:diorite":12,"minecraft:carrot":58,"minecraft:stone_sword":1,"minecraft:arrow":1,"minecraft:rotten_flesh":10,"luminousworld:yellow_grassflowers":1,"minecraft:beetroot_seeds":4,"luminousworld:yellowpetunias":2,"minecraft:granite":11,"minecraft:oak_sapling":1,"minecraft:coal":74,"iceandfire:raw_silver":2,"minecraft:cobblestone":257},"minecraft:dropped":{"minecraft:stone_sword":1,"minecraft:oak_planks":73,"minecraft:torchflower_seeds":2,"born_in_chaos_v1:corpse_maggot":1,"minecraft:wooden_pickaxe":2}},"DataVersion":3465}