{"stats":{"minecraft:killed":{"undead_revamp2:thehunter":1,"minecraft:spider":1,"enemyexpansion:direwolf":1,"born_in_chaos_v1:zombie_bruiser":1,"minecraft:skeleton":1,"undead_revamp2:sucker":1,"minecraft:pig":1,"born_in_chaos_v1:decrepit_skeleton":1,"minecraft:zombie":2,"enemyexpansion:vampire":1,"born_in_chaos_v1:corpse_fly":4},"minecraft:killed_by":{"born_in_chaos_v1:corpse_fly":2,"enemyexpansion:vampire":1,"undead_revamp2:thehunter":1,"enemyexpansion:sprinter":1,"minecraft:zombie":1,"iceandfire:ghost":1},"minecraft:mined":{"iceandfire:silver_ore":6,"luminousworld:yellowpetunias":4,"luminousworld:grassvariant_4":1,"minecraft:granite":19,"minecraft:grass_block":9,"luminousworld:grassvariant_2":14,"minecraft:sandstone":4,"luminousworld:groundpebbles_3":1,"minecraft:carrots":15,"minecraft:furnace":2,"luminousworld:yellow_grassflowers":1,"minecraft:iron_ore":29,"minecraft:andesite":6,"minecraft:potatoes":1,"luminousworld:groundpebbles_2":1,"minecraft:stone":330,"luminousworld:savannah_soil":3,"born_in_chaos_v1:marigolds":6,"luminousworld:purple_petunias":2,"minecraft:crafting_table":2,"minecraft:torch":3,"minecraft:calcite":2,"minecraft:stone_slab":1,"luminousworld:grassflowers":1,"minecraft:copper_ore":11,"minecraft:tall_grass":10,"minecraft:lapis_ore":3,"minecraft:sugar_cane":6,"minecraft:diorite":16,"minecraft:wall_torch":5,"minecraft:amethyst_block":5,"supplementaries:urn":2,"minecraft:stone_stairs":15,"minecraft:coarse_dirt":3,"minecraft:wheat":11,"minecraft:yellow_bed":1,"minecraft:grass":65,"minecraft:coal_ore":108,"minecraft:oak_log":32,"luminousworld:ishstone":10,"minecraft:beetroots":1,"minecraft:dirt":11,"minecraft:gravel":1,"minecraft:sand":44,"luminousworld:grassvariant_3":10,"minecraft:smooth_basalt":2,"minecraft:oak_leaves":5},"minecraft:used":{"minecraft:stone_sword":142,"iceandfire:silver_sword":34,"minecraft:stone":149,"minecraft:stone_hoe":32,"minecraft:rotten_flesh":12,"minecraft:torch":12,"minecraft:dirt":5,"minecraft:stone_stairs":26,"minecraft:glass":10,"minecraft:wooden_axe":31,"undead_revamp2:huntereye":1,"minecraft:smooth_basalt":2,"luminousworld:savannah_soil":2,"minecraft:oak_sapling":1,"minecraft:furnace":6,"minecraft:beetroot_seeds":4,"tombstone:gift":2,"minecraft:wheat_seeds":4,"minecraft:diorite":16,"minecraft:stone_pickaxe":547,"minecraft:baked_potato":3,"minecraft:wooden_pickaxe":43,"luminousworld:ishstone":5,"minecraft:crafting_table":7,"minecraft:pumpkin_seeds":2,"tombstone:bag_of_seeds":1,"minecraft:bread":3,"minecraft:stone_slab":62,"minecraft:wooden_sword":56,"minecraft:cobblestone":7,"minecraft:cooked_porkchop":1,"minecraft:yellow_bed":1,"quark:oak_chest":1,"minecraft:coarse_dirt":3,"minecraft:bone_meal":15},"minecraft:crafted":{"minecraft:wooden_sword":1,"minecraft:oak_planks":120,"minecraft:cobblestone_slab":6,"minecraft:furnace":4,"minecraft:stone":167,"minecraft:bone_meal":15,"minecraft:stone_stairs":16,"minecraft:glass":10,"minecraft:stone_pickaxe":5,"minecraft:stone_hoe":1,"minecraft:cooked_porkchop":1,"iceandfire:silver_ingot":6,"minecraft:crafting_table":5,"minecraft:wooden_pickaxe":1,"minecraft:baked_potato":3,"minecraft:bread":3,"minecraft:air":0,"minecraft:stone_slab":60,"minecraft:stick":20,"quark:oak_chest":1,"minecraft:iron_ingot":29,"minecraft:wooden_axe":1,"minecraft:stone_sword":1,"minecraft:torch":12,"iceandfire:silver_sword":1},"minecraft:broken":{"minecraft:stone_pickaxe":4,"minecraft:wooden_sword":1},"minecraft:custom":{"minecraft:mob_kills":17,"minecraft:interact_with_crafting_table":25,"minecraft:time_since_death":15708,"minecraft:climb_one_cm":688,"minecraft:sprint_one_cm":253030,"minecraft:walk_one_cm":145409,"minecraft:drop":12,"minecraft:play_time":113753,"minecraft:deaths":8,"minecraft:sneak_time":16502,"minecraft:walk_under_water_one_cm":4930,"minecraft:jump":1970,"minecraft:walk_on_water_one_cm":52931,"minecraft:total_world_time":113753,"minecraft:interact_with_furnace":54,"minecraft:sleep_in_bed":3,"minecraft:time_since_rest":13053,"minecraft:damage_taken":2483,"minecraft:damage_dealt":4250,"minecraft:swim_one_cm":68913,"minecraft:fly_one_cm":341740,"minecraft:open_chest":9,"minecraft:crouch_one_cm":53954,"tombstone:undead_killed":8,"minecraft:fall_one_cm":43314},"minecraft:picked_up":{"luminousworld:groundpebbles_1":2,"minecraft:coarse_dirt":3,"minecraft:crafting_table":2,"minecraft:wheat":9,"minecraft:stone_slab":2,"minecraft:wooden_pickaxe":1,"minecraft:amethyst_block":5,"minecraft:string":2,"minecraft:stone_stairs":15,"minecraft:raw_copper":37,"minecraft:beetroot":4,"minecraft:calcite":2,"minecraft:sugar_cane":14,"minecraft:furnace":2,"minecraft:stick":4,"minecraft:raw_iron":29,"minecraft:sandstone":4,"minecraft:stone":64,"minecraft:torch":8,"luminousworld:savannah_soil":3,"minecraft:porkchop":1,"tombstone:grave_dust":1,"minecraft:diorite":16,"minecraft:carrot":58,"minecraft:stone_sword":1,"minecraft:arrow":2,"minecraft:rotten_flesh":12,"luminousworld:yellow_grassflowers":1,"minecraft:beetroot_seeds":10,"supplementaries:ash":14,"minecraft:cobblestone":322,"born_in_chaos_v1:corpse_maggot":3,"minecraft:andesite":6,"luminousworld:ishstone":10,"minecraft:potato":3,"minecraft:oak_log":30,"minecraft:chainmail_chestplate":1,"undead_revamp2:huntereye":1,"minecraft:yellow_bed":1,"minecraft:lapis_lazuli":20,"minecraft:dirt":19,"born_in_chaos_v1:marigolds":5,"minecraft:bone":5,"minecraft:wheat_seeds":33,"tombstone:bag_of_seeds":1,"minecraft:smooth_basalt":2,"minecraft:gravel":1,"minecraft:sand":43,"luminousworld:yellowpetunias":4,"minecraft:granite":19,"minecraft:oak_sapling":1,"minecraft:coal":127,"iceandfire:raw_silver":6},"minecraft:dropped":{"minecraft:wheat_seeds":1,"luminousworld:yellowpetunias":4,"tombstone:grave_dust":1,"minecraft:stone_sword":1,"minecraft:oak_planks":73,"minecraft:torchflower_seeds":2,"born_in_chaos_v1:corpse_maggot":3,"minecraft:wooden_pickaxe":2,"born_in_chaos_v1:marigolds":5}},"DataVersion":3465}