{"stats":{"minecraft:killed":{"minecraft:zombie":1,"born_in_chaos_v1:corpse_fly":1,"born_in_chaos_v1:zombie_bruiser":1},"minecraft:mined":{"minecraft:grass":1,"minecraft:grass_block":2,"minecraft:coal_ore":9,"minecraft:oak_log":26,"minecraft:stone":41,"minecraft:oak_leaves":5},"minecraft:killed_by":{"born_in_chaos_v1:corpse_fly":1},"minecraft:used":{"minecraft:wooden_axe":24,"minecraft:stone_pickaxe":19,"minecraft:wooden_pickaxe":36,"minecraft:rotten_flesh":5,"minecraft:wooden_sword":56,"minecraft:dirt":1,"minecraft:crafting_table":2,"tombstone:gift":2},"minecraft:crafted":{"minecraft:wooden_sword":1,"minecraft:oak_planks":96,"minecraft:crafting_table":2,"minecraft:stick":8,"minecraft:wooden_pickaxe":1,"minecraft:stone_pickaxe":1,"minecraft:wooden_axe":1,"minecraft:stone_sword":1},"minecraft:broken":{"minecraft:wooden_sword":1},"minecraft:custom":{"minecraft:time_since_rest":9506,"minecraft:sprint_one_cm":28192,"minecraft:damage_taken":665,"minecraft:walk_one_cm":27459,"minecraft:mob_kills":3,"minecraft:drop":1,"minecraft:damage_dealt":1336,"minecraft:interact_with_crafting_table":5,"minecraft:fly_one_cm":24354,"minecraft:crouch_one_cm":5579,"minecraft:play_time":17753,"tombstone:undead_killed":2,"minecraft:deaths":2,"minecraft:sneak_time":1456,"minecraft:jump":193,"minecraft:time_since_death":9884,"minecraft:total_world_time":17753,"minecraft:fall_one_cm":3435},"minecraft:picked_up":{"born_in_chaos_v1:corpse_maggot":1,"minecraft:stick":2,"minecraft:oak_log":24,"minecraft:dirt":2,"minecraft:rotten_flesh":5,"minecraft:coal":9,"minecraft:cobblestone":41},"minecraft:dropped":{"born_in_chaos_v1:corpse_maggot":1}},"DataVersion":3465}