{"stats":{"minecraft:killed":{"minecraft:zombie":1},"minecraft:killed_by":{"born_in_chaos_v1:corpse_fly":1},"minecraft:mined":{"minecraft:grass":1,"minecraft:oak_log":14},"minecraft:used":{"minecraft:rotten_flesh":2,"minecraft:wooden_axe":5,"minecraft:wooden_sword":26,"minecraft:crafting_table":1},"minecraft:crafted":{"minecraft:wooden_sword":1,"minecraft:oak_planks":48,"minecraft:crafting_table":1,"minecraft:stick":8,"minecraft:wooden_pickaxe":1,"minecraft:wooden_axe":1},"minecraft:custom":{"minecraft:time_since_rest":57,"minecraft:deaths":1,"tombstone:undead_killed":1,"minecraft:play_time":5753,"minecraft:crouch_one_cm":630,"minecraft:sprint_one_cm":6455,"minecraft:damage_taken":285,"minecraft:walk_one_cm":13787,"minecraft:sneak_time":150,"minecraft:mob_kills":1,"minecraft:jump":63,"minecraft:damage_dealt":514,"minecraft:time_since_death":236,"minecraft:total_world_time":5753,"minecraft:interact_with_crafting_table":4,"minecraft:fall_one_cm":838,"minecraft:fly_one_cm":6096},"minecraft:picked_up":{"minecraft:rotten_flesh":5,"minecraft:oak_log":12}},"DataVersion":3465}