{"stats":{"minecraft:killed":{"minecraft:pig":1,"minecraft:zombie":2,"born_in_chaos_v1:corpse_fly":2,"born_in_chaos_v1:zombie_bruiser":1,"born_in_chaos_v1:decrepit_skeleton":1},"minecraft:mined":{"minecraft:grass":2,"minecraft:grass_block":3,"minecraft:coal_ore":10,"minecraft:oak_log":32,"minecraft:dirt":2,"minecraft:copper_ore":8,"minecraft:stone":48,"minecraft:oak_leaves":5},"minecraft:killed_by":{"enemyexpansion:sprinter":1,"born_in_chaos_v1:corpse_fly":1},"minecraft:used":{"tombstone:bag_of_seeds":1,"minecraft:wooden_axe":30,"minecraft:stone_sword":32,"minecraft:stone_pickaxe":35,"minecraft:wooden_pickaxe":36,"minecraft:rotten_flesh":9,"minecraft:wooden_sword":56,"minecraft:dirt":5,"minecraft:crafting_table":3,"minecraft:oak_sapling":1,"minecraft:furnace":1,"minecraft:cooked_porkchop":1,"tombstone:gift":2},"minecraft:crafted":{"minecraft:wooden_sword":1,"minecraft:oak_planks":120,"minecraft:cooked_porkchop":1,"minecraft:crafting_table":3,"minecraft:stick":8,"minecraft:wooden_pickaxe":1,"minecraft:stone_pickaxe":1,"minecraft:wooden_axe":1,"minecraft:stone_sword":1,"minecraft:furnace":1,"minecraft:air":0},"minecraft:broken":{"minecraft:wooden_sword":1},"minecraft:custom":{"minecraft:time_since_rest":1,"minecraft:interact_with_furnace":3,"minecraft:sprint_one_cm":53218,"minecraft:damage_taken":990,"minecraft:walk_one_cm":46018,"minecraft:mob_kills":7,"minecraft:drop":5,"minecraft:damage_dealt":2198,"minecraft:swim_one_cm":4337,"minecraft:interact_with_crafting_table":6,"minecraft:fly_one_cm":50685,"minecraft:crouch_one_cm":6401,"minecraft:play_time":29753,"tombstone:undead_killed":4,"minecraft:deaths":3,"minecraft:sneak_time":1731,"minecraft:walk_under_water_one_cm":236,"minecraft:jump":353,"minecraft:walk_on_water_one_cm":3377,"minecraft:time_since_death":294,"minecraft:total_world_time":29753,"minecraft:fall_one_cm":8561},"minecraft:picked_up":{"born_in_chaos_v1:corpse_maggot":1,"minecraft:stick":4,"minecraft:porkchop":1,"minecraft:oak_log":30,"minecraft:dirt":5,"minecraft:raw_copper":25,"minecraft:bone":2,"minecraft:rotten_flesh":9,"tombstone:bag_of_seeds":1,"minecraft:oak_sapling":1,"minecraft:coal":9,"minecraft:cobblestone":47},"minecraft:dropped":{"minecraft:stone_sword":1,"born_in_chaos_v1:corpse_maggot":1,"minecraft:oak_planks":73,"minecraft:torchflower_seeds":2}},"DataVersion":3465}