{"stats":{"minecraft:custom":{"minecraft:interact_with_smithing_table":1,"minecraft:mob_kills":8,"minecraft:interact_with_crafting_table":3,"minecraft:leave_game":1,"minecraft:time_since_death":39680,"minecraft:sleep_in_bed":6,"minecraft:climb_one_cm":3354,"minecraft:time_since_rest":37281,"minecraft:sprint_one_cm":136092,"minecraft:damage_taken":2615,"minecraft:walk_one_cm":144505,"minecraft:drop":2,"minecraft:damage_dealt":963,"minecraft:talked_to_villager":2,"minecraft:fly_one_cm":176013,"minecraft:swim_one_cm":17912,"minecraft:crouch_one_cm":2082,"minecraft:play_time":136475,"minecraft:deaths":9,"minecraft:sneak_time":843,"minecraft:walk_under_water_one_cm":4855,"minecraft:jump":1264,"minecraft:walk_on_water_one_cm":20124,"minecraft:total_world_time":136475,"minecraft:fall_one_cm":45163},"minecraft:used":{"minecraft:oak_planks":1,"minecraft:dirt":23,"minecraft:crafting_table":1,"minecraft:carrot":13,"luminousworld:elephant_grass":1,"minecraft:wooden_sword":17,"minecraft:scaffolding":14,"tombstone:gift":2,"minecraft:yellow_bed":1,"alexsmobs:animal_dictionary":1},"minecraft:mined":{"luminousworld:savannah_soil":1,"minecraft:scaffolding":18,"minecraft:glass_pane":1,"luminousworld:grassvariant_4":1,"luminousworld:savannah_grass_1":7,"minecraft:grass_block":19,"minecraft:yellow_carpet":1,"luminousworld:grassvariant_2":1,"minecraft:tall_grass":19,"ecologics:coconut_log":1,"minecraft:oak_planks":1,"luminousworld:groundpebbles_3":1,"luminousworld:savanna_grass_2":1,"minecraft:large_fern":1,"minecraft:skeleton_skull":1,"minecraft:carrots":8,"ecologics:seashell":1,"minecraft:birch_log":2,"minecraft:wheat":37,"minecraft:birch_leaves":4,"minecraft:bee_nest":1,"minecraft:yellow_bed":4,"minecraft:wither_rose":1,"minecraft:peony":34,"minecraft:grass":18,"minecraft:bookshelf":10,"minecraft:potatoes":6,"minecraft:oak_log":10,"minecraft:beetroots":4,"minecraft:dirt":11,"luminousworld:grassvariant_3":1,"minecraft:potted_cornflower":1,"luminousworld:savannah_grass_4":3,"luminousworld:elephant_grass":3,"minecraft:daylight_detector":1,"minecraft:oak_leaves":33,"minecraft:fern":1},"minecraft:crafted":{"minecraft:wooden_sword":1,"minecraft:oak_planks":24,"minecraft:crafting_table":1,"minecraft:stick":4},"minecraft:killed_by":{"undead_revamp2:the_moonflower":1,"undead_revamp2:bomber":1,"alexsmobs:emu":1,"earthmobsmod:skeleton_wolf":1,"alexsmobs:capuchin_monkey":1,"enemyexpansion:goblin":1},"minecraft:picked_up":{"minecraft:birch_log":2,"luminousworld:groundpebbles_1":1,"minecraft:wheat":40,"minecraft:flower_pot":1,"ecologics:seashell":1,"minecraft:potato":6,"minecraft:wither_rose":1,"minecraft:oak_log":15,"tombstone:grave_key":1,"minecraft:yellow_bed":4,"minecraft:cornflower":2,"minecraft:dirt":25,"minecraft:armor_stand":2,"minecraft:item_frame":4,"minecraft:beetroot":2,"minecraft:wheat_seeds":95,"luminousworld:elephant_grass":2,"minecraft:rose_bush":2,"minecraft:oak_planks":1,"minecraft:book":32,"minecraft:scaffolding":23,"minecraft:stick":4,"minecraft:dandelion":1,"luminousworld:savannah_soil":1,"minecraft:porkchop":8,"minecraft:carrot":9,"minecraft:brown_carpet":2,"minecraft:arrow":10,"minecraft:yellow_carpet":1,"minecraft:slime_ball":1,"minecraft:beetroot_seeds":5,"minecraft:peony":34,"ecologics:coconut_log":1,"minecraft:gray_wool":1,"minecraft:emerald":1,"minecraft:oak_sapling":1,"minecraft:mutton":5,"iceandfire:raw_silver":2,"minecraft:skeleton_skull":1,"minecraft:white_wool":2,"minecraft:oxeye_daisy":1},"minecraft:dropped":{"minecraft:carrot":1,"tombstone:grave_key":1},"minecraft:killed":{"minecraft:pig":3,"minecraft:sheep":3,"enemyexpansion:goblin":1}},"DataVersion":3465}