{"stats":{"minecraft:killed":{"earthmobsmod:duck":1,"born_in_chaos_v1:zombie_lumberjack":1,"minecraft:spider":1,"enemyexpansion:direwolf":1,"naturalist:snail":1,"minecraft:horse":1,"earthmobsmod:fancy_chicken":2,"born_in_chaos_v1:skeleton_thrasher":1,"enemyexpansion:goblin":1,"minecraft:pig":4,"undead_revamp2:the_moonflower":1,"minecraft:sheep":3,"iceandfire:ghost":3},"minecraft:used":{"minecraft:peony":2,"minecraft:stone_sword":176,"minecraft:rose_bush":2,"earthmobsmod:fancy_egg":1,"minecraft:stick":1,"minecraft:torch":2,"minecraft:dirt":30,"minecraft:carrot":21,"luminousworld:elephant_grass":1,"luminousworld:savannah_soil":9,"minecraft:scaffolding":29,"minecraft:oak_sapling":1,"tombstone:gift":2,"minecraft:stone_pickaxe":36,"minecraft:oak_planks":1,"minecraft:wooden_pickaxe":6,"luminousworld:groundpebbles_1":2,"minecraft:leather_boots":1,"minecraft:crafting_table":4,"minecraft:white_bed":3,"minecraft:bread":29,"minecraft:wooden_sword":102,"minecraft:yellow_bed":3,"alexsmobs:animal_dictionary":1,"minecraft:experience_bottle":2},"minecraft:mined":{"luminousworld:groundpebbles_1":1,"minecraft:white_bed":3,"minecraft:mossy_cobblestone":1,"luminousworld:grassvariant_4":1,"minecraft:grass_block":29,"minecraft:yellow_carpet":1,"luminousworld:grassvariant_2":8,"ecologics:coconut_log":1,"minecraft:potted_bamboo":1,"minecraft:oxeye_daisy":5,"luminousworld:groundpebbles_3":1,"luminousworld:savanna_grass_2":2,"minecraft:large_fern":1,"minecraft:hay_block":23,"minecraft:carrots":27,"luminousworld:yellow_grassflowers":2,"minecraft:peony":151,"minecraft:azure_bluet":1,"minecraft:bookshelf":12,"minecraft:potatoes":11,"supplementaries:stick":1,"minecraft:vine":1,"minecraft:iron_bars":1,"minecraft:potted_cornflower":1,"minecraft:stone":9,"luminousworld:savannah_soil":10,"minecraft:scaffolding":61,"minecraft:glass_pane":1,"minecraft:crafting_table":1,"minecraft:cornflower":1,"minecraft:torch":1,"luminousworld:savannah_grass_1":9,"minecraft:poppy":2,"ecologics:walnut_leaves":5,"minecraft:rose_bush":35,"luminousworld:grassflowers":1,"minecraft:tall_grass":92,"minecraft:cobblestone":3,"minecraft:oak_planks":1,"minecraft:wall_torch":2,"minecraft:skeleton_skull":1,"ecologics:seashell":1,"minecraft:birch_log":4,"minecraft:wheat":174,"minecraft:lilac":7,"minecraft:birch_leaves":9,"minecraft:bee_nest":1,"minecraft:yellow_bed":6,"minecraft:wither_rose":1,"minecraft:grass":95,"minecraft:oak_log":25,"minecraft:coal_ore":23,"minecraft:beetroots":7,"minecraft:dirt":20,"luminousworld:grassvariant_3":4,"minecraft:stone_bricks":1,"luminousworld:savannah_grass_4":6,"luminousworld:elephant_grass":3,"minecraft:mossy_stone_bricks":1,"minecraft:oak_leaves":66,"minecraft:daylight_detector":1,"minecraft:fern":3},"minecraft:broken":{"minecraft:wooden_sword":1,"aether:leather_gloves":1},"minecraft:killed_by":{"undead_revamp2:the_moonflower":1,"alexsmobs:emu":1,"alexsmobs:capuchin_monkey":1,"born_in_chaos_v1:corpse_fly":1,"enemyexpansion:goblin":1,"enemyexpansion:huntsman":1,"minecraft:bee":1,"undead_revamp2:bomber":1,"minecraft:skeleton":1,"minecraft:zombie":1,"earthmobsmod:skeleton_wolf":1,"iceandfire:ghost":2},"minecraft:picked_up":{"luminousworld:groundpebbles_1":4,"minecraft:crafting_table":1,"minecraft:iron_chestplate":1,"minecraft:wheat":167,"minecraft:azure_bluet":1,"minecraft:chicken":3,"minecraft:flower_pot":1,"minecraft:leather_leggings":2,"ecologics:seashell":1,"minecraft:wooden_pickaxe":1,"earthmobsmod:fancy_egg":2,"minecraft:wither_rose":1,"minecraft:enchanted_book":1,"tombstone:grave_key":1,"minecraft:cornflower":6,"minecraft:item_frame":12,"minecraft:iron_leggings":1,"minecraft:armor_stand":8,"minecraft:white_carpet":1,"minecraft:experience_bottle":2,"minecraft:beetroot":5,"earthmobsmod:duck_egg":1,"minecraft:rose_bush":24,"minecraft:poppy":2,"minecraft:iron_pickaxe":1,"minecraft:birch_sapling":1,"minecraft:iron_boots":1,"minecraft:stick":8,"born_in_chaos_v1:shattered_skull":1,"minecraft:torch":3,"luminousworld:savannah_soil":10,"minecraft:porkchop":9,"minecraft:stone_button":1,"tombstone:grave_dust":2,"minecraft:carrot":69,"born_in_chaos_v1:pieceofdarkmetal":2,"minecraft:brown_carpet":2,"luminousworld:grassflowers":1,"minecraft:arrow":10,"minecraft:rotten_flesh":6,"luminousworld:yellow_grassflowers":2,"minecraft:beetroot_seeds":11,"minecraft:peony":149,"minecraft:diamond_boots":3,"minecraft:hay_block":23,"ecologics:coconut_log":1,"minecraft:mutton":5,"minecraft:skeleton_skull":1,"minecraft:white_wool":2,"minecraft:cobblestone":9,"minecraft:oxeye_daisy":10,"minecraft:birch_log":4,"minecraft:leather_chestplate":2,"minecraft:jungle_log":1,"minecraft:leather":3,"minecraft:potato":26,"minecraft:oak_log":35,"minecraft:yellow_bed":6,"minecraft:paper":1,"minecraft:dirt":56,"minecraft:lantern":1,"minecraft:bone":5,"minecraft:stone_bricks":1,"minecraft:bow":1,"minecraft:wheat_seeds":426,"minecraft:rabbit_hide":3,"luminousworld:elephant_grass":2,"earthmobsmod:fancy_feather":2,"minecraft:mossy_stone_bricks":1,"minecraft:oak_planks":1,"minecraft:book":41,"minecraft:scaffolding":66,"minecraft:dandelion":1,"minecraft:white_bed":3,"minecraft:leather_helmet":2,"minecraft:firework_rocket":1,"minecraft:yellow_carpet":1,"minecraft:slime_ball":2,"minecraft:iron_helmet":1,"minecraft:gray_wool":1,"minecraft:emerald":2,"tombstone:magic_scroll":1,"minecraft:oak_sapling":5,"minecraft:coal":23,"iceandfire:raw_silver":2},"minecraft:dropped":{"minecraft:wheat_seeds":94,"minecraft:crafting_table":1,"minecraft:cobblestone":4,"minecraft:leather_helmet":2,"minecraft:oxeye_daisy":8,"minecraft:dirt":21,"minecraft:stone_button":1,"minecraft:cornflower":3,"tombstone:grave_key":4,"minecraft:paper":1,"minecraft:armor_stand":1,"minecraft:pink_dye":1,"minecraft:chicken":1,"minecraft:iron_boots":1,"minecraft:carrot":1,"minecraft:poppy":2,"minecraft:leather_chestplate":1,"minecraft:peony":38,"luminousworld:groundpebbles_1":1,"earthmobsmod:fancy_feather":2,"minecraft:oak_sapling":3,"minecraft:leather_leggings":2,"minecraft:wooden_pickaxe":1,"minecraft:scaffolding":16,"minecraft:firework_rocket":1},"minecraft:custom":{"minecraft:interact_with_smithing_table":1,"minecraft:mob_kills":23,"minecraft:interact_with_crafting_table":9,"minecraft:damage_dealt_resisted":1770,"minecraft:eat_cake_slice":3,"minecraft:leave_game":14,"minecraft:time_since_death":14578,"minecraft:climb_one_cm":9085,"minecraft:sprint_one_cm":411476,"minecraft:walk_one_cm":416269,"minecraft:drop":98,"minecraft:talked_to_villager":8,"minecraft:play_time":329365,"minecraft:deaths":18,"minecraft:sneak_time":3527,"minecraft:walk_under_water_one_cm":66924,"minecraft:jump":3966,"minecraft:walk_on_water_one_cm":69427,"minecraft:total_world_time":329365,"minecraft:interact_with_cartography_table":1,"minecraft:sleep_in_bed":11,"minecraft:time_since_rest":14318,"minecraft:damage_taken":6575,"minecraft:trigger_trapped_chest":3,"minecraft:damage_dealt":4272,"minecraft:swim_one_cm":84092,"minecraft:fly_one_cm":615846,"minecraft:open_chest":20,"minecraft:crouch_one_cm":6263,"tombstone:undead_killed":6,"minecraft:fall_one_cm":140567},"minecraft:crafted":{"minecraft:wooden_sword":3,"minecraft:oak_planks":64,"minecraft:pink_dye":4,"minecraft:stone_pickaxe":1,"minecraft:crafting_table":4,"minecraft:wooden_pickaxe":1,"minecraft:bread":2,"minecraft:stick":16,"minecraft:stone_sword":1}},"DataVersion":3465}