{"stats":{"minecraft:custom":{"minecraft:time_since_rest":5672,"minecraft:crouch_one_cm":120,"minecraft:play_time":5672,"minecraft:sprint_one_cm":26128,"minecraft:damage_taken":160,"minecraft:walk_one_cm":11683,"minecraft:sneak_time":44,"minecraft:mob_kills":6,"minecraft:jump":147,"minecraft:damage_dealt":520,"minecraft:time_since_death":5672,"minecraft:total_world_time":5672,"minecraft:interact_with_crafting_table":1,"minecraft:fall_one_cm":6441,"minecraft:fly_one_cm":19559},"minecraft:used":{"minecraft:wooden_sword":17,"minecraft:dirt":2,"minecraft:crafting_table":1},"minecraft:mined":{"minecraft:grass":2,"minecraft:grass_block":2,"minecraft:oak_log":6,"minecraft:birch_log":2,"minecraft:birch_leaves":4,"minecraft:oak_leaves":7},"minecraft:crafted":{"minecraft:wooden_sword":1,"minecraft:oak_planks":24,"minecraft:crafting_table":1,"minecraft:stick":4},"minecraft:picked_up":{"minecraft:birch_log":2,"minecraft:wheat_seeds":1,"minecraft:porkchop":8,"minecraft:gray_wool":1,"minecraft:oak_log":6,"minecraft:oak_sapling":1,"minecraft:mutton":5,"minecraft:white_wool":2,"minecraft:dirt":2},"minecraft:killed":{"minecraft:sheep":3,"minecraft:pig":3}},"DataVersion":3465}