{"stats":{"minecraft:dropped":{"minecraft:carrot":1,"tombstone:grave_key":1},"minecraft:broken":{"minecraft:wooden_sword":1,"aether:leather_gloves":1},"minecraft:killed_by":{"undead_revamp2:the_moonflower":1,"undead_revamp2:bomber":1,"minecraft:skeleton":1,"minecraft:zombie":1,"alexsmobs:emu":1,"earthmobsmod:skeleton_wolf":1,"alexsmobs:capuchin_monkey":1,"enemyexpansion:goblin":1,"minecraft:bee":1},"minecraft:killed":{"minecraft:pig":3,"minecraft:sheep":3,"born_in_chaos_v1:skeleton_thrasher":1,"enemyexpansion:goblin":1},"minecraft:custom":{"minecraft:interact_with_smithing_table":1,"minecraft:mob_kills":9,"minecraft:interact_with_crafting_table":5,"minecraft:interact_with_cartography_table":1,"minecraft:damage_dealt_resisted":1770,"minecraft:leave_game":6,"minecraft:time_since_death":12486,"minecraft:sleep_in_bed":6,"minecraft:climb_one_cm":3354,"minecraft:time_since_rest":10087,"minecraft:sprint_one_cm":180862,"minecraft:damage_taken":3635,"minecraft:walk_one_cm":175656,"minecraft:drop":2,"minecraft:damage_dealt":1622,"minecraft:swim_one_cm":27302,"minecraft:fly_one_cm":265138,"minecraft:talked_to_villager":2,"minecraft:open_chest":6,"minecraft:play_time":214706,"minecraft:crouch_one_cm":3351,"minecraft:sneak_time":1888,"tombstone:undead_killed":1,"minecraft:deaths":12,"minecraft:walk_under_water_one_cm":35214,"minecraft:jump":1665,"minecraft:walk_on_water_one_cm":39641,"minecraft:total_world_time":214706,"minecraft:fall_one_cm":66071},"minecraft:crafted":{"minecraft:wooden_sword":3,"minecraft:oak_planks":40,"minecraft:crafting_table":2,"minecraft:pink_dye":4,"minecraft:stick":4},"minecraft:mined":{"luminousworld:savannah_soil":10,"luminousworld:groundpebbles_1":1,"minecraft:scaffolding":18,"minecraft:glass_pane":1,"luminousworld:grassvariant_4":1,"luminousworld:savannah_grass_1":9,"minecraft:grass_block":20,"minecraft:poppy":1,"minecraft:yellow_carpet":1,"minecraft:rose_bush":2,"luminousworld:grassvariant_2":3,"luminousworld:grassflowers":1,"ecologics:coconut_log":1,"minecraft:tall_grass":29,"minecraft:oak_planks":1,"luminousworld:groundpebbles_3":1,"luminousworld:savanna_grass_2":2,"minecraft:skeleton_skull":1,"minecraft:large_fern":1,"luminousworld:yellow_grassflowers":1,"minecraft:carrots":27,"ecologics:seashell":1,"minecraft:birch_log":2,"minecraft:wheat":80,"minecraft:birch_leaves":4,"minecraft:bee_nest":1,"minecraft:yellow_bed":4,"minecraft:wither_rose":1,"minecraft:peony":64,"minecraft:grass":43,"minecraft:potatoes":11,"minecraft:bookshelf":10,"supplementaries:stick":1,"minecraft:oak_log":14,"minecraft:beetroots":7,"minecraft:dirt":11,"luminousworld:grassvariant_3":1,"minecraft:potted_cornflower":1,"luminousworld:elephant_grass":3,"luminousworld:savannah_grass_4":6,"minecraft:oak_leaves":36,"minecraft:daylight_detector":1,"minecraft:fern":1},"minecraft:used":{"minecraft:peony":2,"minecraft:rose_bush":2,"minecraft:oak_planks":1,"minecraft:leather_boots":1,"minecraft:stick":1,"minecraft:dirt":24,"minecraft:crafting_table":2,"minecraft:carrot":14,"minecraft:bread":5,"luminousworld:elephant_grass":1,"minecraft:wooden_sword":102,"luminousworld:savannah_soil":9,"minecraft:scaffolding":14,"tombstone:gift":2,"minecraft:yellow_bed":1,"alexsmobs:animal_dictionary":1},"minecraft:picked_up":{"minecraft:birch_log":2,"luminousworld:groundpebbles_1":2,"minecraft:wheat":78,"minecraft:flower_pot":1,"ecologics:seashell":1,"minecraft:potato":26,"minecraft:wither_rose":1,"minecraft:oak_log":19,"tombstone:grave_key":1,"minecraft:yellow_bed":4,"minecraft:cornflower":2,"minecraft:dirt":26,"minecraft:armor_stand":2,"minecraft:item_frame":4,"minecraft:bone":5,"minecraft:beetroot":5,"minecraft:wheat_seeds":196,"luminousworld:elephant_grass":2,"minecraft:rose_bush":7,"minecraft:oak_planks":1,"minecraft:book":32,"minecraft:scaffolding":23,"minecraft:stick":5,"born_in_chaos_v1:shattered_skull":1,"minecraft:dandelion":1,"luminousworld:savannah_soil":10,"minecraft:porkchop":8,"minecraft:carrot":69,"tombstone:grave_dust":2,"born_in_chaos_v1:pieceofdarkmetal":2,"minecraft:brown_carpet":2,"luminousworld:grassflowers":1,"minecraft:arrow":10,"minecraft:rotten_flesh":2,"minecraft:yellow_carpet":1,"minecraft:slime_ball":1,"luminousworld:yellow_grassflowers":1,"minecraft:beetroot_seeds":11,"minecraft:peony":61,"ecologics:coconut_log":1,"minecraft:gray_wool":1,"minecraft:emerald":1,"minecraft:oak_sapling":1,"minecraft:mutton":5,"minecraft:white_wool":2,"minecraft:skeleton_skull":1,"iceandfire:raw_silver":2,"minecraft:oxeye_daisy":2}},"DataVersion":3465}