{"stats":{"minecraft:custom":{"minecraft:time_since_rest":3028,"minecraft:sprint_one_cm":38759,"minecraft:damage_taken":1020,"minecraft:walk_one_cm":42783,"minecraft:mob_kills":7,"minecraft:damage_dealt":763,"minecraft:interact_with_crafting_table":1,"minecraft:fly_one_cm":27707,"minecraft:crouch_one_cm":294,"minecraft:play_time":17672,"minecraft:deaths":4,"minecraft:sneak_time":65,"minecraft:jump":250,"minecraft:time_since_death":0,"minecraft:total_world_time":17672,"minecraft:fall_one_cm":9562},"minecraft:used":{"minecraft:wooden_sword":17,"minecraft:dirt":2,"minecraft:crafting_table":1,"alexsmobs:animal_dictionary":1},"minecraft:mined":{"ecologics:seashell":1,"luminousworld:grassvariant_4":1,"minecraft:birch_log":2,"minecraft:birch_leaves":4,"minecraft:grass":9,"minecraft:grass_block":7,"minecraft:oak_log":7,"minecraft:dirt":3,"ecologics:coconut_log":1,"minecraft:oak_leaves":11,"luminousworld:groundpebbles_3":1},"minecraft:crafted":{"minecraft:wooden_sword":1,"minecraft:oak_planks":24,"minecraft:crafting_table":1,"minecraft:stick":4},"minecraft:killed_by":{"undead_revamp2:the_moonflower":1,"enemyexpansion:goblin":1,"alexsmobs:emu":1,"earthmobsmod:skeleton_wolf":1},"minecraft:picked_up":{"minecraft:birch_log":2,"luminousworld:groundpebbles_1":1,"ecologics:seashell":1,"minecraft:porkchop":8,"minecraft:oak_log":7,"minecraft:dirt":5,"minecraft:wheat_seeds":2,"ecologics:coconut_log":1,"minecraft:gray_wool":1,"minecraft:oak_sapling":1,"minecraft:mutton":5,"minecraft:white_wool":2},"minecraft:killed":{"minecraft:sheep":3,"minecraft:pig":3,"enemyexpansion:goblin":1}},"DataVersion":3465}