{"stats":{"minecraft:custom":{"minecraft:mob_kills":7,"minecraft:interact_with_crafting_table":1,"minecraft:leave_game":1,"minecraft:time_since_death":9998,"minecraft:sleep_in_bed":3,"minecraft:climb_one_cm":281,"minecraft:time_since_rest":9897,"minecraft:sprint_one_cm":108030,"minecraft:damage_taken":2020,"minecraft:walk_one_cm":99926,"minecraft:damage_dealt":935,"minecraft:fly_one_cm":131705,"minecraft:swim_one_cm":15134,"minecraft:crouch_one_cm":1438,"minecraft:play_time":82475,"minecraft:deaths":7,"minecraft:sneak_time":571,"minecraft:walk_under_water_one_cm":1668,"minecraft:jump":889,"minecraft:walk_on_water_one_cm":15703,"minecraft:total_world_time":82475,"minecraft:fall_one_cm":32883},"minecraft:used":{"minecraft:oak_planks":1,"minecraft:dirt":17,"minecraft:crafting_table":1,"minecraft:carrot":2,"luminousworld:elephant_grass":1,"minecraft:wooden_sword":17,"tombstone:gift":2,"minecraft:yellow_bed":1,"alexsmobs:animal_dictionary":1},"minecraft:mined":{"luminousworld:savannah_soil":1,"luminousworld:grassvariant_4":1,"luminousworld:savannah_grass_1":7,"minecraft:grass_block":19,"minecraft:yellow_carpet":1,"minecraft:tall_grass":5,"ecologics:coconut_log":1,"minecraft:oak_planks":1,"luminousworld:groundpebbles_3":1,"luminousworld:savanna_grass_2":1,"minecraft:large_fern":1,"minecraft:skeleton_skull":1,"minecraft:carrots":8,"ecologics:seashell":1,"minecraft:birch_log":2,"minecraft:wheat":37,"minecraft:birch_leaves":4,"minecraft:bee_nest":1,"minecraft:yellow_bed":2,"minecraft:wither_rose":1,"minecraft:peony":14,"minecraft:grass":11,"minecraft:potatoes":6,"minecraft:oak_log":7,"minecraft:beetroots":4,"minecraft:dirt":9,"luminousworld:savannah_grass_4":3,"luminousworld:elephant_grass":3,"minecraft:oak_leaves":33,"minecraft:fern":1},"minecraft:crafted":{"minecraft:wooden_sword":1,"minecraft:oak_planks":24,"minecraft:crafting_table":1,"minecraft:stick":4},"minecraft:killed_by":{"undead_revamp2:the_moonflower":1,"alexsmobs:emu":1,"earthmobsmod:skeleton_wolf":1,"alexsmobs:capuchin_monkey":1,"enemyexpansion:goblin":1},"minecraft:picked_up":{"minecraft:birch_log":2,"luminousworld:groundpebbles_1":1,"minecraft:wheat":40,"ecologics:seashell":1,"minecraft:potato":6,"minecraft:wither_rose":1,"minecraft:oak_log":12,"minecraft:yellow_bed":2,"minecraft:dirt":23,"minecraft:beetroot":2,"minecraft:wheat_seeds":91,"luminousworld:elephant_grass":2,"minecraft:oak_planks":1,"minecraft:stick":4,"luminousworld:savannah_soil":1,"minecraft:porkchop":8,"minecraft:carrot":8,"minecraft:yellow_carpet":1,"minecraft:slime_ball":1,"minecraft:beetroot_seeds":5,"minecraft:peony":8,"ecologics:coconut_log":1,"minecraft:gray_wool":1,"minecraft:oak_sapling":1,"minecraft:mutton":5,"minecraft:skeleton_skull":1,"minecraft:white_wool":2},"minecraft:killed":{"minecraft:pig":3,"minecraft:sheep":3,"enemyexpansion:goblin":1}},"DataVersion":3465}