{"stats":{"minecraft:mined":{"luminousworld:groundpebbles_1":1,"minecraft:white_bed":1,"luminousworld:grassvariant_4":1,"minecraft:grass_block":27,"minecraft:yellow_carpet":1,"luminousworld:grassvariant_2":8,"ecologics:coconut_log":1,"minecraft:potted_bamboo":1,"minecraft:oxeye_daisy":5,"luminousworld:groundpebbles_3":1,"luminousworld:savanna_grass_2":2,"minecraft:large_fern":1,"minecraft:hay_block":23,"minecraft:carrots":27,"luminousworld:yellow_grassflowers":2,"minecraft:azure_bluet":1,"minecraft:peony":151,"supplementaries:stick":1,"minecraft:bookshelf":12,"minecraft:potatoes":11,"minecraft:potted_cornflower":1,"minecraft:stone":9,"luminousworld:savannah_soil":10,"minecraft:scaffolding":47,"minecraft:glass_pane":1,"minecraft:crafting_table":1,"minecraft:cornflower":1,"minecraft:torch":1,"luminousworld:savannah_grass_1":9,"minecraft:poppy":2,"ecologics:walnut_leaves":5,"minecraft:rose_bush":35,"luminousworld:grassflowers":1,"minecraft:tall_grass":82,"minecraft:oak_planks":1,"minecraft:wall_torch":2,"minecraft:skeleton_skull":1,"ecologics:seashell":1,"minecraft:birch_log":2,"minecraft:wheat":174,"minecraft:lilac":7,"minecraft:birch_leaves":5,"minecraft:bee_nest":1,"minecraft:yellow_bed":6,"minecraft:wither_rose":1,"minecraft:grass":83,"minecraft:oak_log":20,"minecraft:coal_ore":23,"minecraft:beetroots":7,"minecraft:dirt":12,"luminousworld:grassvariant_3":3,"luminousworld:savannah_grass_4":6,"luminousworld:elephant_grass":3,"minecraft:oak_leaves":43,"minecraft:daylight_detector":1,"minecraft:fern":3},"minecraft:crafted":{"minecraft:wooden_sword":3,"minecraft:oak_planks":64,"minecraft:pink_dye":4,"minecraft:stone_pickaxe":1,"minecraft:crafting_table":4,"minecraft:wooden_pickaxe":1,"minecraft:bread":2,"minecraft:stick":16,"minecraft:stone_sword":1},"minecraft:picked_up":{"minecraft:iron_chestplate":1,"luminousworld:groundpebbles_1":4,"minecraft:crafting_table":1,"minecraft:wheat":167,"minecraft:azure_bluet":1,"minecraft:chicken":1,"minecraft:flower_pot":1,"minecraft:leather_leggings":2,"ecologics:seashell":1,"minecraft:wooden_pickaxe":1,"minecraft:wither_rose":1,"minecraft:enchanted_book":1,"tombstone:grave_key":1,"minecraft:cornflower":5,"minecraft:white_carpet":1,"minecraft:iron_leggings":1,"minecraft:item_frame":12,"minecraft:armor_stand":8,"minecraft:experience_bottle":2,"minecraft:beetroot":5,"minecraft:rose_bush":24,"minecraft:poppy":2,"minecraft:iron_pickaxe":1,"minecraft:iron_boots":1,"minecraft:stick":5,"born_in_chaos_v1:shattered_skull":1,"minecraft:torch":3,"luminousworld:savannah_soil":10,"minecraft:porkchop":9,"minecraft:stone_button":1,"tombstone:grave_dust":2,"minecraft:carrot":69,"born_in_chaos_v1:pieceofdarkmetal":2,"minecraft:brown_carpet":2,"luminousworld:grassflowers":1,"minecraft:arrow":10,"minecraft:rotten_flesh":2,"luminousworld:yellow_grassflowers":2,"minecraft:beetroot_seeds":11,"minecraft:peony":149,"minecraft:diamond_boots":3,"minecraft:hay_block":23,"ecologics:coconut_log":1,"minecraft:mutton":5,"minecraft:skeleton_skull":1,"minecraft:white_wool":2,"minecraft:cobblestone":9,"minecraft:oxeye_daisy":10,"minecraft:birch_log":2,"minecraft:leather_chestplate":2,"minecraft:leather":3,"minecraft:potato":26,"minecraft:oak_log":27,"minecraft:yellow_bed":6,"minecraft:paper":1,"minecraft:dirt":46,"minecraft:lantern":1,"minecraft:bone":5,"minecraft:bow":1,"minecraft:wheat_seeds":424,"minecraft:rabbit_hide":3,"earthmobsmod:fancy_feather":2,"luminousworld:elephant_grass":2,"minecraft:oak_planks":1,"minecraft:book":41,"minecraft:scaffolding":50,"minecraft:dandelion":1,"minecraft:white_bed":1,"minecraft:leather_helmet":2,"minecraft:firework_rocket":1,"minecraft:yellow_carpet":1,"minecraft:slime_ball":2,"minecraft:iron_helmet":1,"minecraft:gray_wool":1,"minecraft:emerald":2,"minecraft:oak_sapling":3,"minecraft:coal":23,"iceandfire:raw_silver":2},"minecraft:killed":{"enemyexpansion:direwolf":1,"naturalist:snail":1,"minecraft:horse":1,"earthmobsmod:fancy_chicken":1,"born_in_chaos_v1:skeleton_thrasher":1,"enemyexpansion:goblin":1,"minecraft:pig":4,"minecraft:sheep":3},"minecraft:broken":{"minecraft:wooden_sword":1,"aether:leather_gloves":1},"minecraft:dropped":{"minecraft:wheat_seeds":90,"minecraft:crafting_table":1,"minecraft:cobblestone":4,"minecraft:leather_helmet":2,"minecraft:oxeye_daisy":8,"minecraft:dirt":19,"minecraft:stone_button":1,"minecraft:cornflower":2,"tombstone:grave_key":4,"minecraft:paper":1,"minecraft:armor_stand":1,"minecraft:pink_dye":1,"minecraft:chicken":1,"minecraft:iron_boots":1,"minecraft:carrot":1,"minecraft:poppy":2,"minecraft:leather_chestplate":1,"minecraft:peony":20,"luminousworld:groundpebbles_1":1,"earthmobsmod:fancy_feather":2,"minecraft:oak_sapling":2,"minecraft:leather_leggings":2,"minecraft:wooden_pickaxe":1,"minecraft:firework_rocket":1},"minecraft:killed_by":{"undead_revamp2:the_moonflower":1,"alexsmobs:emu":1,"alexsmobs:capuchin_monkey":1,"enemyexpansion:goblin":1,"enemyexpansion:huntsman":1,"minecraft:bee":1,"undead_revamp2:bomber":1,"minecraft:skeleton":1,"minecraft:zombie":1,"earthmobsmod:skeleton_wolf":1},"minecraft:used":{"minecraft:peony":2,"minecraft:rose_bush":2,"minecraft:stone_sword":119,"minecraft:stick":1,"minecraft:torch":2,"minecraft:dirt":25,"minecraft:carrot":21,"luminousworld:elephant_grass":1,"luminousworld:savannah_soil":9,"minecraft:scaffolding":29,"tombstone:gift":2,"minecraft:stone_pickaxe":26,"minecraft:oak_planks":1,"minecraft:wooden_pickaxe":6,"luminousworld:groundpebbles_1":2,"minecraft:leather_boots":1,"minecraft:crafting_table":4,"minecraft:white_bed":1,"minecraft:bread":16,"minecraft:wooden_sword":102,"minecraft:yellow_bed":3,"alexsmobs:animal_dictionary":1,"minecraft:experience_bottle":2},"minecraft:custom":{"minecraft:interact_with_smithing_table":1,"minecraft:mob_kills":14,"minecraft:interact_with_crafting_table":8,"minecraft:damage_dealt_resisted":1770,"minecraft:eat_cake_slice":3,"minecraft:leave_game":8,"minecraft:time_since_death":26970,"minecraft:climb_one_cm":8614,"minecraft:sprint_one_cm":321190,"minecraft:walk_one_cm":349074,"minecraft:drop":75,"minecraft:talked_to_villager":8,"minecraft:play_time":277637,"minecraft:deaths":14,"minecraft:sneak_time":2949,"minecraft:walk_under_water_one_cm":41949,"minecraft:jump":3032,"minecraft:walk_on_water_one_cm":50266,"minecraft:total_world_time":277637,"minecraft:interact_with_cartography_table":1,"minecraft:sleep_in_bed":10,"minecraft:time_since_rest":5143,"minecraft:damage_taken":4821,"minecraft:damage_dealt":2440,"minecraft:swim_one_cm":40116,"minecraft:fly_one_cm":451985,"minecraft:open_chest":20,"minecraft:crouch_one_cm":5557,"tombstone:undead_killed":1,"minecraft:fall_one_cm":105719}},"DataVersion":3465}