{"stats":{"minecraft:custom":{"minecraft:time_since_rest":1027,"minecraft:sprint_one_cm":62163,"minecraft:damage_taken":1625,"minecraft:walk_one_cm":55095,"minecraft:mob_kills":7,"minecraft:damage_dealt":905,"minecraft:interact_with_crafting_table":1,"minecraft:fly_one_cm":72985,"minecraft:crouch_one_cm":1335,"minecraft:play_time":64665,"minecraft:deaths":6,"minecraft:sneak_time":476,"minecraft:jump":457,"minecraft:leave_game":1,"minecraft:time_since_death":1250,"minecraft:total_world_time":64665,"minecraft:fall_one_cm":17272},"minecraft:used":{"minecraft:wooden_sword":17,"minecraft:dirt":17,"minecraft:crafting_table":1,"tombstone:gift":2,"alexsmobs:animal_dictionary":1},"minecraft:mined":{"ecologics:seashell":1,"luminousworld:grassvariant_4":1,"minecraft:birch_log":2,"minecraft:birch_leaves":4,"minecraft:grass":9,"minecraft:grass_block":15,"minecraft:oak_log":7,"minecraft:dirt":9,"ecologics:coconut_log":1,"minecraft:oak_leaves":28,"luminousworld:groundpebbles_3":1},"minecraft:crafted":{"minecraft:wooden_sword":1,"minecraft:oak_planks":24,"minecraft:crafting_table":1,"minecraft:stick":4},"minecraft:killed_by":{"undead_revamp2:the_moonflower":1,"enemyexpansion:goblin":1,"alexsmobs:emu":1,"earthmobsmod:skeleton_wolf":1},"minecraft:picked_up":{"minecraft:birch_log":2,"luminousworld:groundpebbles_1":1,"minecraft:stick":4,"ecologics:seashell":1,"minecraft:porkchop":8,"minecraft:oak_log":12,"minecraft:dirt":19,"minecraft:wheat_seeds":2,"ecologics:coconut_log":1,"minecraft:gray_wool":1,"minecraft:oak_sapling":1,"minecraft:mutton":5,"minecraft:white_wool":2},"minecraft:killed":{"minecraft:sheep":3,"minecraft:pig":3,"enemyexpansion:goblin":1}},"DataVersion":3465}