{"stats":{"minecraft:custom":{"minecraft:mob_kills":5,"minecraft:interact_with_crafting_table":6,"minecraft:time_since_death":81971,"minecraft:sleep_in_bed":1,"minecraft:climb_one_cm":2619,"minecraft:time_since_rest":12193,"minecraft:sprint_one_cm":167782,"minecraft:damage_taken":1397,"minecraft:walk_one_cm":51664,"minecraft:drop":1,"minecraft:damage_dealt":1525,"minecraft:swim_one_cm":42906,"minecraft:fly_one_cm":138132,"minecraft:open_chest":3,"minecraft:crouch_one_cm":220,"minecraft:play_time":87720,"tombstone:undead_killed":3,"minecraft:deaths":3,"minecraft:sneak_time":44,"minecraft:walk_under_water_one_cm":3312,"minecraft:jump":823,"minecraft:walk_on_water_one_cm":21937,"minecraft:total_world_time":87720,"minecraft:fall_one_cm":23970},"minecraft:used":{"minecraft:stone_sword":21,"minecraft:stone_pickaxe":10,"minecraft:wooden_pickaxe":47,"minecraft:rotten_flesh":2,"minecraft:torch":7,"minecraft:crafting_table":3,"minecraft:iron_hoe":14,"minecraft:wooden_axe":26,"minecraft:bread":6,"minecraft:melon_slice":21,"minecraft:wooden_sword":51,"minecraft:oak_sapling":8,"tombstone:gift":2},"minecraft:mined":{"luminousworld:grassvariant_4":1,"minecraft:grass_block":1,"minecraft:melon":7,"minecraft:tall_grass":5,"minecraft:sugar_cane":2,"minecraft:wall_torch":1,"minecraft:hay_block":16,"minecraft:birch_log":5,"minecraft:wheat":32,"minecraft:birch_leaves":3,"minecraft:peony":15,"minecraft:grass":10,"minecraft:oak_log":19,"minecraft:coal_ore":34,"luminousworld:grassvariant_3":1,"minecraft:stone":14,"minecraft:oak_leaves":13},"minecraft:crafted":{"minecraft:wooden_sword":1,"minecraft:oak_planks":80,"minecraft:crafting_table":3,"minecraft:wooden_pickaxe":1,"minecraft:birch_planks":20,"minecraft:bread":6,"minecraft:stick":12,"minecraft:stone_pickaxe":1,"minecraft:wooden_axe":1,"minecraft:stone_sword":1,"minecraft:torch":8,"minecraft:wheat":18},"minecraft:killed_by":{"born_in_chaos_v1:corpse_fish":1,"born_in_chaos_v1:zombie_lumberjack":1,"born_in_chaos_v1:skeleton_demoman":1},"minecraft:picked_up":{"minecraft:birch_log":5,"minecraft:iron_chestplate":1,"minecraft:wheat":34,"minecraft:lilac":1,"minecraft:oak_log":20,"minecraft:gunpowder":1,"minecraft:dirt":1,"minecraft:bone":3,"minecraft:wheat_seeds":96,"minecraft:rose_bush":1,"minecraft:poppy":2,"minecraft:melon_slice":31,"minecraft:sugar_cane":6,"minecraft:stick":5,"minecraft:torch":1,"minecraft:dandelion":2,"minecraft:iron_hoe":1,"minecraft:rotten_flesh":4,"minecraft:beetroot_seeds":1,"minecraft:peony":28,"minecraft:hay_block":13,"minecraft:oak_sapling":5,"minecraft:coal":34,"minecraft:cobblestone":14,"minecraft:oxeye_daisy":3},"minecraft:dropped":{"minecraft:melon_slice":1},"minecraft:killed":{"born_in_chaos_v1:zombie_lumberjack":1,"born_in_chaos_v1:skeleton_demoman":1,"born_in_chaos_v1:decrepit_skeleton":1,"luminousworld:monarch":1}},"DataVersion":3465}