{"stats":{"minecraft:custom":{"minecraft:mob_kills":8,"minecraft:interact_with_crafting_table":6,"minecraft:time_since_death":93971,"minecraft:sleep_in_bed":2,"minecraft:climb_one_cm":5346,"minecraft:time_since_rest":1484,"minecraft:sprint_one_cm":204222,"minecraft:damage_taken":1835,"minecraft:walk_one_cm":69765,"minecraft:drop":9,"minecraft:damage_dealt":2085,"minecraft:swim_one_cm":46546,"minecraft:fly_one_cm":193694,"minecraft:open_chest":3,"minecraft:crouch_one_cm":220,"minecraft:play_time":99720,"tombstone:undead_killed":5,"minecraft:deaths":3,"minecraft:sneak_time":51,"minecraft:walk_under_water_one_cm":6488,"minecraft:jump":1162,"minecraft:walk_on_water_one_cm":37227,"minecraft:total_world_time":99720,"minecraft:fall_one_cm":33841},"minecraft:used":{"minecraft:stone_sword":47,"minecraft:stone_pickaxe":17,"minecraft:wooden_pickaxe":47,"minecraft:rotten_flesh":2,"minecraft:torch":7,"minecraft:crafting_table":3,"minecraft:iron_hoe":14,"minecraft:wooden_axe":26,"minecraft:bread":14,"minecraft:melon_slice":30,"minecraft:wooden_sword":51,"minecraft:oak_sapling":8,"born_in_chaos_v1:wood_splitter_axe":7,"tombstone:gift":2},"minecraft:mined":{"iceandfire:silver_ore":3,"luminousworld:grassvariant_4":1,"luminousworld:tall_deadbush":1,"luminousworld:savannah_grass_1":1,"minecraft:grass_block":1,"minecraft:melon":7,"minecraft:tall_grass":5,"minecraft:sugar_cane":2,"minecraft:wall_torch":1,"luminousworld:savanna_grass_2":3,"minecraft:hay_block":16,"minecraft:birch_log":5,"minecraft:wheat":32,"minecraft:birch_leaves":3,"minecraft:peony":15,"minecraft:grass":11,"minecraft:oak_log":19,"minecraft:coal_ore":35,"luminousworld:grassvariant_3":1,"minecraft:stone":14,"luminousworld:savannah_grass_4":6,"minecraft:oak_leaves":18},"minecraft:crafted":{"minecraft:wooden_sword":1,"minecraft:oak_planks":80,"minecraft:crafting_table":3,"minecraft:wooden_pickaxe":1,"minecraft:birch_planks":20,"minecraft:bread":6,"minecraft:stick":12,"minecraft:stone_pickaxe":1,"minecraft:wooden_axe":1,"minecraft:stone_sword":1,"minecraft:torch":8,"minecraft:wheat":18},"minecraft:killed_by":{"born_in_chaos_v1:corpse_fish":1,"born_in_chaos_v1:zombie_lumberjack":1,"born_in_chaos_v1:skeleton_demoman":1},"minecraft:picked_up":{"minecraft:birch_log":5,"minecraft:iron_chestplate":1,"minecraft:wheat":34,"minecraft:lilac":2,"minecraft:oak_log":22,"minecraft:gunpowder":1,"minecraft:dirt":1,"minecraft:item_frame":2,"minecraft:bone":5,"minecraft:wheat_seeds":97,"minecraft:rose_bush":1,"minecraft:poppy":2,"minecraft:melon_slice":31,"minecraft:sugar_cane":6,"minecraft:stick":5,"minecraft:torch":1,"minecraft:dandelion":2,"minecraft:iron_hoe":1,"minecraft:arrow":2,"minecraft:rotten_flesh":5,"minecraft:beetroot_seeds":1,"born_in_chaos_v1:wood_splitter_axe":1,"minecraft:peony":28,"minecraft:hay_block":13,"supplementaries:ash":1,"minecraft:oak_sapling":5,"minecraft:coal":35,"iceandfire:raw_silver":3,"minecraft:cobblestone":14,"minecraft:oxeye_daisy":3},"minecraft:dropped":{"minecraft:wheat_seeds":33,"minecraft:lilac":2,"minecraft:oxeye_daisy":3,"minecraft:poppy":2,"minecraft:peony":28,"minecraft:rose_bush":1,"minecraft:melon_slice":1,"minecraft:dandelion":2},"minecraft:killed":{"born_in_chaos_v1:zombie_lumberjack":2,"born_in_chaos_v1:skeleton_demoman":1,"born_in_chaos_v1:decrepit_skeleton":1,"minecraft:skeleton":1,"luminousworld:monarch":1}},"DataVersion":3465}