{"stats":{"minecraft:custom":{"minecraft:time_since_rest":459,"tombstone:undead_killed":2,"minecraft:walk_one_cm":12466,"minecraft:crouch_one_cm":168,"minecraft:play_time":3720,"minecraft:sprint_one_cm":5660,"minecraft:damage_taken":675,"minecraft:deaths":2,"minecraft:sneak_time":20,"minecraft:mob_kills":2,"minecraft:jump":32,"minecraft:damage_dealt":872,"minecraft:time_since_death":568,"minecraft:total_world_time":3720,"minecraft:interact_with_crafting_table":2,"minecraft:fall_one_cm":420,"minecraft:fly_one_cm":2092},"minecraft:used":{"minecraft:wooden_axe":3,"minecraft:wooden_sword":27,"minecraft:crafting_table":1,"tombstone:gift":2},"minecraft:mined":{"minecraft:grass":1,"minecraft:oak_log":8,"minecraft:birch_log":1,"minecraft:oak_leaves":3},"minecraft:crafted":{"minecraft:wooden_sword":1,"minecraft:oak_planks":24,"minecraft:crafting_table":1,"minecraft:stick":8,"minecraft:wooden_axe":1},"minecraft:killed_by":{"born_in_chaos_v1:skeleton_demoman":1,"born_in_chaos_v1:zombie_lumberjack":1},"minecraft:picked_up":{"minecraft:iron_chestplate":1,"minecraft:stick":2,"minecraft:bone":1,"minecraft:rotten_flesh":2,"minecraft:oak_log":9,"minecraft:gunpowder":1,"minecraft:oak_sapling":4,"minecraft:birch_log":1},"minecraft:killed":{"born_in_chaos_v1:zombie_lumberjack":1,"born_in_chaos_v1:skeleton_demoman":1}},"DataVersion":3465}