{"stats":{"minecraft:custom":{"minecraft:time_since_rest":9088,"minecraft:sprint_one_cm":56873,"minecraft:damage_taken":917,"minecraft:walk_one_cm":27358,"minecraft:mob_kills":3,"minecraft:damage_dealt":1088,"minecraft:swim_one_cm":19572,"minecraft:interact_with_crafting_table":6,"minecraft:fly_one_cm":44107,"minecraft:crouch_one_cm":168,"minecraft:play_time":15720,"tombstone:undead_killed":2,"minecraft:deaths":3,"minecraft:sneak_time":37,"minecraft:walk_under_water_one_cm":2240,"minecraft:jump":253,"minecraft:time_since_death":9971,"minecraft:walk_on_water_one_cm":7546,"minecraft:climb_one_cm":148,"minecraft:total_world_time":15720,"minecraft:fall_one_cm":6602},"minecraft:used":{"minecraft:wooden_axe":20,"minecraft:stone_sword":7,"minecraft:bread":2,"minecraft:stone_pickaxe":10,"minecraft:wooden_pickaxe":47,"minecraft:rotten_flesh":2,"minecraft:torch":4,"minecraft:wooden_sword":51,"minecraft:crafting_table":3,"tombstone:gift":2},"minecraft:mined":{"minecraft:hay_block":2,"luminousworld:grassvariant_4":1,"minecraft:birch_log":5,"minecraft:wheat":32,"minecraft:birch_leaves":1,"minecraft:peony":15,"minecraft:grass":5,"minecraft:coal_ore":34,"minecraft:oak_log":19,"luminousworld:grassvariant_3":1,"minecraft:tall_grass":5,"minecraft:stone":14,"minecraft:sugar_cane":2,"minecraft:oak_leaves":4},"minecraft:crafted":{"minecraft:wooden_sword":1,"minecraft:oak_planks":80,"minecraft:crafting_table":3,"minecraft:stick":12,"minecraft:wooden_pickaxe":1,"minecraft:stone_pickaxe":1,"minecraft:wooden_axe":1,"minecraft:stone_sword":1,"minecraft:torch":8,"minecraft:birch_planks":20,"minecraft:bread":6,"minecraft:wheat":18},"minecraft:killed_by":{"born_in_chaos_v1:skeleton_demoman":1,"born_in_chaos_v1:zombie_lumberjack":1,"born_in_chaos_v1:corpse_fish":1},"minecraft:picked_up":{"minecraft:birch_log":5,"minecraft:wheat":34,"minecraft:stick":3,"minecraft:iron_chestplate":1,"minecraft:dandelion":2,"minecraft:oak_log":20,"minecraft:gunpowder":1,"minecraft:bone":1,"minecraft:rotten_flesh":2,"minecraft:beetroot_seeds":1,"minecraft:peony":28,"minecraft:wheat_seeds":94,"minecraft:hay_block":2,"minecraft:rose_bush":1,"minecraft:poppy":2,"minecraft:oak_sapling":5,"minecraft:sugar_cane":6,"minecraft:coal":34,"minecraft:cobblestone":14,"minecraft:oxeye_daisy":3},"minecraft:killed":{"born_in_chaos_v1:zombie_lumberjack":1,"born_in_chaos_v1:skeleton_demoman":1}},"DataVersion":3465}