{"stats":{"minecraft:killed":{"minecraft:pig":1},"minecraft:mined":{"minecraft:grass":2,"minecraft:oak_log":5,"minecraft:oak_sapling":2,"minecraft:oak_leaves":4},"minecraft:used":{"minecraft:wooden_axe":5,"minecraft:oak_sapling":6,"alexsmobs:animal_dictionary":1,"minecraft:wooden_pickaxe":8},"minecraft:crafted":{"minecraft:wooden_sword":1,"minecraft:oak_planks":8,"minecraft:wooden_pickaxe":1,"minecraft:wooden_axe":1},"minecraft:custom":{"minecraft:time_since_rest":9016,"minecraft:play_time":9016,"minecraft:sprint_one_cm":13573,"minecraft:damage_taken":30,"minecraft:walk_one_cm":22935,"minecraft:mob_kills":1,"minecraft:jump":68,"minecraft:damage_dealt":168,"minecraft:leave_game":1,"minecraft:time_since_death":9016,"minecraft:total_world_time":9016,"minecraft:interact_with_crafting_table":5,"minecraft:fall_one_cm":1163,"minecraft:fly_one_cm":8449},"minecraft:picked_up":{"minecraft:stick":6,"minecraft:porkchop":1,"minecraft:oak_log":4,"minecraft:oak_sapling":10,"minecraft:oak_planks":73,"minecraft:string":2}},"DataVersion":3465}