{"stats":{"minecraft:killed":{"minecraft:pig":1,"undead_revamp2:thehunter":1},"minecraft:mined":{"minecraft:oak_sapling":2,"minecraft:wheat":4,"minecraft:lily_of_the_valley":2,"minecraft:birch_leaves":2,"minecraft:peony":15,"minecraft:grass":9,"minecraft:oak_log":5,"minecraft:rose_bush":5,"minecraft:tall_grass":1,"minecraft:oak_leaves":25},"minecraft:killed_by":{"alexsmobs:capuchin_monkey":1},"minecraft:used":{"minecraft:wooden_axe":5,"minecraft:wooden_pickaxe":8,"minecraft:wooden_sword":70,"minecraft:oak_sapling":6,"minecraft:cooked_porkchop":1,"tombstone:gift":1,"alexsmobs:animal_dictionary":1},"minecraft:crafted":{"minecraft:wooden_sword":1,"minecraft:oak_planks":8,"minecraft:cooked_porkchop":1,"minecraft:wooden_pickaxe":1,"minecraft:wooden_axe":1},"minecraft:broken":{"minecraft:wooden_sword":1},"minecraft:custom":{"minecraft:time_since_rest":1481,"minecraft:sprint_one_cm":84336,"minecraft:interact_with_furnace":3,"minecraft:damage_taken":300,"minecraft:walk_one_cm":69754,"minecraft:mob_kills":2,"minecraft:damage_dealt":396,"minecraft:interact_with_crafting_table":6,"minecraft:fly_one_cm":41080,"minecraft:open_chest":2,"minecraft:play_time":25806,"tombstone:undead_killed":1,"minecraft:deaths":1,"minecraft:walk_under_water_one_cm":1259,"minecraft:jump":292,"minecraft:leave_game":2,"minecraft:time_since_death":3776,"minecraft:walk_on_water_one_cm":4020,"minecraft:climb_one_cm":257,"minecraft:total_world_time":25806,"minecraft:fall_one_cm":5368},"minecraft:picked_up":{"minecraft:wheat":4,"minecraft:stick":6,"minecraft:porkchop":1,"minecraft:oak_log":4,"minecraft:lily_of_the_valley":2,"minecraft:string":2,"minecraft:rotten_flesh":1,"minecraft:wheat_seeds":14,"minecraft:peony":13,"minecraft:rose_bush":5,"minecraft:oak_sapling":12,"minecraft:oak_planks":73,"minecraft:oxeye_daisy":1}},"DataVersion":3465}