{"stats":{"minecraft:killed":{"minecraft:pig":1},"minecraft:mined":{"minecraft:grass":7,"minecraft:oak_log":5,"minecraft:oak_sapling":2,"minecraft:rose_bush":5,"minecraft:lily_of_the_valley":2,"minecraft:tall_grass":1,"minecraft:birch_leaves":2,"minecraft:peony":15,"minecraft:oak_leaves":23},"minecraft:used":{"minecraft:wooden_axe":5,"minecraft:wooden_sword":49,"minecraft:oak_sapling":6,"alexsmobs:animal_dictionary":1,"minecraft:wooden_pickaxe":8},"minecraft:crafted":{"minecraft:wooden_sword":1,"minecraft:oak_planks":8,"minecraft:wooden_pickaxe":1,"minecraft:wooden_axe":1},"minecraft:custom":{"minecraft:open_chest":2,"minecraft:time_since_rest":18972,"minecraft:interact_with_furnace":2,"minecraft:sprint_one_cm":42275,"minecraft:play_time":18972,"minecraft:damage_taken":50,"minecraft:walk_one_cm":53870,"minecraft:walk_under_water_one_cm":1259,"minecraft:mob_kills":1,"minecraft:jump":164,"minecraft:damage_dealt":168,"minecraft:walk_on_water_one_cm":1638,"minecraft:leave_game":1,"minecraft:time_since_death":18972,"minecraft:total_world_time":18972,"minecraft:interact_with_crafting_table":5,"minecraft:fall_one_cm":3350,"minecraft:fly_one_cm":18055},"minecraft:picked_up":{"minecraft:stick":6,"minecraft:peony":13,"minecraft:porkchop":1,"minecraft:rose_bush":5,"minecraft:oak_log":4,"minecraft:lily_of_the_valley":2,"minecraft:oak_sapling":12,"minecraft:oak_planks":73,"minecraft:string":2,"minecraft:oxeye_daisy":1}},"DataVersion":3465}